symbol,cagr,avg_fcf_margin,dcf_base_case,dcf_bull,dcf_bear
MMM,-1.57,10.86,48.70321926031687,90.7908338268013,31.709753240113947
AOS,0.67,12.68,53.70647872633029,93.00354249101747,37.85603916093222
ABT,0.51,15.58,36.99663460856801,72.62208324319684,22.626121371964185
ABBV,1.75,35.79,136.85228065529353,255.17887147000107,89.14761336150225
ACN,4.19,14.31,253.13234157885822,427.60854306105034,182.86022354154207
ADBE,10.52,38.96,461.9354668404308,791.9276243901679,329.32424476161697
AMD,13.64,11.73,62.09488090499187,103.31333977409676,45.54646175695539
AES,-1.02,1.0,-40.16070708510262,-38.7329092897877,-40.7370521606104
AFL,-3.23,16.51,50.978170812307575,92.89244536682561,34.04089288783406
A,0.48,18.54,54.06685956220083,94.99011023730962,37.55912322392312
APD,-1.77,1.0,-72.06669512921196,-67.73217180804555,-73.81698468512701
ABNB,13.38,39.66,285.1739149335399,475.1515454063911,208.89566032310083
AKAM,5.18,19.08,55.16079946611966,117.32718092378153,30.132117539671377
ALB,-10.0,1.0,-4.173169845108188,-1.9080742026406203,-5.092059853643989
ARE,4.56,40.0,34.81729496411631,108.74319243089181,5.047157075916196
ALGN,2.61,12.72,116.9087691405839,188.28279858914738,88.14388051979113
ALLE,7.52,14.64,101.03311331172148,188.05451517914082,66.02747958849305
LNT,1.23,22.3,5.958966360306232,41.01830541565425,-8.178758343532849
ALL,9.84,11.19,562.6789282274802,969.7230120607251,399.0672836714824
GOOGL,12.51,20.7,316.45463432185886,540.8629435302412,226.32895400385087
GOOG,12.51,20.7,337.6806097898178,577.1409509466994,241.50981187205468
MO,-0.89,40.0,47.35739068334821,87.77894765621592,31.041827029759617
AMZN,11.73,2.14,21.519258724557695,43.16799507296352,12.822748808348138
AMCR,1.05,5.84,-7.183754422207974,10.302217099383785,-14.23552966162469
AEE,3.41,1.0,-72.17101974900642,-68.88088319243126,-73.49656796981748
AEP,3.66,1.0,-88.18362505107625,-83.97268373463135,-89.87998235143102
AXP,10.97,26.25,560.2170544368997,968.5929345697879,396.1294717814821
AIG,-3.69,15.13,84.74029561078392,140.26217389146115,62.298945846947255
AMT,3.34,30.05,9.0761306578117,79.88170868324158,-19.451203175995463
AWK,10.67,1.0,-74.17338506292215,-70.35673533541377,-75.7070783496455
AMP,9.03,34.99,1418.3185894024077,2386.590185186239,1029.0178847908512
AME,6.36,21.94,111.57620213520337,195.91453158981494,77.63583477258895
AMGN,11.77,28.15,322.14903852666237,614.1049690925521,204.86873869696782
APH,22.31,16.11,85.11946316583946,157.23726786452255,56.22971312629452
ADI,-2.84,33.07,74.54652685156603,131.35746959313792,51.59411405091945
AON,11.25,21.17,286.643385478373,540.1013028001639,184.81161100023618
APA,-6.96,14.88,23.604366409143985,46.606117372336925,14.290669953023928
APO,30.0,22.24,527.7337410237724,927.3467784725844,367.9038649143743
AAPL,1.81,26.45,103.6962847721263,175.4814416205353,74.75604520822539
AMAT,3.23,23.54,126.22551746225749,212.52929842694058,91.45251285957957
APP,24.84,40.0,248.32167892264195,437.6951294445847,172.502310980363
APTV,5.26,5.76,58.15302618106368,120.8723315861025,32.90253013409477
ACGL,26.14,38.22,780.5793259487502,1367.606570549581,545.6149961798417
ADM,-7.54,2.99,25.142362098838014,54.695147724193006,13.171968463249552
ARES,22.39,23.26,130.89551499685513,271.3380402590474,74.636539325564
ANET,27.15,36.02,108.3238739930579,182.85256889698456,78.49895806481368
AJG,17.7,16.57,194.39338092829828,371.55366159614385,123.34565693053985
AIZ,7.93,8.57,395.29101632346567,678.8343716274505,281.24758576588954
T,1.34,14.4,14.392076805278519,38.75243372036536,4.569185584061943
ATO,3.83,1.0,-52.640419805568996,-49.66597106837648,-53.83858284274827
ADSK,12.92,30.19,229.51291523079436,394.62273797116296,163.21040643980714
ADP,7.61,18.93,171.0265845775125,293.8266240923565,121.63003426225328
AZO,5.23,11.95,1473.0873673939266,3033.5911180934154,844.828558856831
AVB,5.45,40.0,73.68308032360773,171.43234808441665,34.33241090257695
AVY,-0.68,7.37,61.417508489681005,133.642411255134,32.26783422087255
AXON,30.0,10.49,139.70422158309384,256.59215440889227,92.95353511525286
BKR,9.44,7.0,37.4551187456904,64.28366768426524,26.669979516015133
BALL,-0.53,1.0,-21.71848660035081,-17.500467332209343,-23.42074135572743
BAC,6.0,9.99,33.83026290465411,52.455117511778546,26.334052355453675
BAX,3.79,6.58,6.938420711398319,22.027562627171847,0.8601431331067683
BDX,4.99,11.79,89.9327219780189,194.2436177475386,47.93335933944372
BBY,-3.43,2.46,42.88606700833925,78.7898893447312,28.376066626231758
TECH,3.33,21.44,24.438370952095518,41.656109143444894,17.501361901957335
BIIB,-0.94,17.42,129.40286888265925,226.99449823138613,90.01066566971672
BLK,10.65,20.96,650.3434059639665,1124.1525118429113,459.9456450598385
BX,20.27,40.0,180.5965569588065,327.3379940166042,121.78546479843891
XYZ,11.33,4.07,36.73275271797319,64.18577801166346,25.703248860140167
BNY,6.87,33.44,410.5975725868983,527.9353346696819,363.38590394989416
BA,10.33,1.0,-14.661518363767321,1.5466602244008962,-21.175359187360826
BKNG,16.35,33.99,296.02965119991137,515.644142552913,207.92502363836823
BSX,16.54,12.56,37.00095315719392,68.81540569623144,24.238334189431914
BMY,1.45,27.38,71.34666864466179,132.14662581330597,46.83132513628657
AVGO,24.38,40.0,176.82684927266857,316.77480515612586,120.79047335944233
BR,6.46,12.17,96.61088313979573,183.26357304419145,61.74039658698022
BRO,17.38,23.22,83.47196056941749,160.20192512096597,52.69794309153855
BLDR,-10.0,9.94,67.46691762845603,140.39097143369892,37.883537939214335
BG,1.51,1.0,-25.163047990939805,9.051442363755484,-38.958407046238115
BXP,3.86,38.25,28.077028713568506,116.37654203600945,-7.49123578062951
CHRW,-10.0,4.37,37.066213535721765,68.35392788299963,24.373606846356516
CDNS,14.14,28.98,124.06685578844287,218.16536889615546,86.29353843721142
CPT,3.41,23.72,13.68797287979333,52.68074106246076,-2.021614694167034
CPB,6.19,8.26,24.853029361432174,58.390740235249424,11.355564446246603
COF,15.98,40.0,898.1880899608485,1527.0072731179912,645.8943453209158
CAH,7.07,1.24,184.41783208728586,329.23930618652605,126.15198817771855
CCL,29.81,1.0,-11.273988441713866,-4.379917730884926,-14.031446790074487
CARR,7.95,7.41,21.66502269216838,46.51925272631364,11.668525300699287
CVNA,14.31,1.0,2.858540476251312,7.6918285886610835,0.9184413383382738
CASY,7.16,3.1,169.08732222687067,334.5274677340514,102.52819597409719
CAT,4.38,11.98,188.13887266981976,378.78930837653667,111.3580808137204
CBOE,6.0,25.83,199.61932181129896,335.7476630680269,144.8296799199031
CBRE,9.57,2.96,48.99198296414016,105.5781173177957,26.245157119841448
CDW,-1.89,5.56,72.43728266899639,150.13143672657964,41.062289468295745
COR,10.43,1.06,286.5507217059461,538.8893706690806,185.14261485892135
CNC,10.45,2.57,218.2064284725589,363.55892040785847,159.79352513499595
CNP,0.13,1.0,-34.047152246947434,-32.78603601960966,-34.55594563540808
CF,-10.0,25.2,85.55048319712564,145.91837224611535,61.06081086563654
CRL,0.33,10.39,53.949491015530185,131.0811184943416,22.833761801805675
SCHW,4.83,38.15,104.74673950625642,162.86298555234066,81.34560769585403
CHTR,0.46,7.54,-296.4086141021148,-34.26392878717569,-402.1543341055861
CVX,-7.85,10.7,70.01973819639682,127.84663476710683,46.59251052761092
CMG,11.36,11.91,19.6731444710645,36.24248746901533,13.016322138479762
CB,11.56,25.46,778.7856765329273,1370.9380973198354,540.899874730581
CHD,4.89,15.13,55.22765117546451,99.20337376458313,37.52072283501618
CIEN,9.5,4.41,26.09177940472919,46.544824139444835,17.869763624592764
CI,15.29,2.75,609.9405240405572,1118.1010770680468,406.0189100913119
CINF,24.39,24.75,700.6015404168897,1224.8306526825986,490.69608393337626
CTAS,9.6,16.26,74.63830705427412,132.67751020254926,51.30760399058151
CSCO,3.19,25.14,49.45878592651762,86.46432644367961,34.54848696483823
C,4.59,1.0,143.30073993768232,148.7707872484849,141.09795962416976
CFG,0.93,33.11,88.9273262858809,148.16604874732047,65.03613267347559
CLX,-0.01,9.41,44.172614111391454,92.56487031367458,24.647656601067492
CME,9.11,40.0,133.84038775457896,231.3918382590471,94.62019730245964
CMS,-0.22,1.0,-57.66147434304407,-55.26641600854,-58.62790593820808
KO,3.69,16.15,20.10117410651134,38.97295001233387,12.498857394023153
CTSH,2.8,10.87,71.64670929093347,120.37815168222657,52.00869303673224
COHR,20.55,3.59,26.764525657031776,50.429869115220754,17.2805393498575
COIN,30.0,13.28,192.89425532040374,331.40803317193894,137.494060935376
CL,4.29,15.36,52.64328661477622,94.88383910431544,35.63112376148775
CMCSA,0.62,11.69,30.014319359009466,66.68744775398676,15.221909688850962
FIX,30.0,9.6,1046.8256846936501,1849.5755362798777,725.7565570571445
CAG,0.22,9.01,13.350246648486493,32.73172861890649,5.531174908480944
COP,-9.11,16.39,54.22502713101774,97.48889178570649,36.68410822375746
ED,2.59,1.0,-66.70895823164712,-62.143162341264095,-68.54906644978806
STZ,-1.12,18.0,53.135689764722784,132.28631942286117,21.18433754439122
CEG,1.47,1.0,-50.64137962927418,-43.906902010976665,-53.35678658568756
COO,7.35,9.4,22.93689602761099,47.496842458718405,13.05668357890474
CPRT,9.9,23.76,27.854507213873898,44.559512653216345,21.14005912023982
GLW,3.27,7.12,9.755523661803686,23.04742464993318,4.40011881051372
CPAY,9.73,35.63,360.0913858616877,703.2421211531872,222.15712740114571
CTVA,-0.1,8.42,26.11177832000455,45.20397394930194,18.408286965835657
CSGP,14.16,6.02,11.30549777744204,19.405413670583954,8.054020419429623
COST,6.64,2.44,262.3991469868899,445.352533126573,188.78038002912487
CRH,4.6,7.67,41.94612332568379,89.00751049298785,22.99462660746826
CRWD,29.01,28.33,233.77612504433722,400.3386771764707,167.14512311886875
CCI,-10.0,40.0,-36.11221780543804,-15.813214707156495,-44.3469919935727
CSX,-1.74,19.01,7.4101150161552,18.986678594235407,2.7355396657381292
CMI,6.25,4.93,166.31953887150402,308.665465793159,109.03264738117737
CVS,7.63,2.68,98.79923941446114,205.37094122856416,55.930828859432424
DHR,-2.67,23.89,75.5982594983555,139.13061151675652,49.932498337770525
DRI,7.84,8.77,97.63202110246951,215.4717623394515,50.23446886940644
DDOG,26.95,26.19,113.50260606299972,191.38741943496544,82.33341451735663
DVA,5.53,10.4,166.5531729942078,419.6173521470079,64.68081938600245
DECK,14.69,18.47,184.27499430004258,310.28523596331297,133.69941457884292
DE,-4.5,6.15,-38.9679669330978,32.014356471682454,-67.67035417374785
DELL,3.53,4.18,159.71965850936115,311.84116138645635,98.43518758395412
DAL,7.8,3.18,30.28339828263501,69.25940076906384,14.606239516594929
DVN,-3.57,11.43,12.790169004899333,25.243704191035956,7.756902968706556
DXCM,17.01,15.84,52.57963982768845,89.19022853512243,37.89484280169749
FANG,15.99,1.0,-35.4846315541763,-25.763408124435983,-39.384950556180485
DLR,9.22,36.35,72.37623881194301,158.2274432473367,37.8612936641013
DG,4.13,3.17,29.15356511000557,94.80901990947551,2.7094358750280843
DLTR,8.0,7.82,109.12054754047428,210.5277711528172,68.3347087375698
D,5.8,1.0,-55.857708726667305,-53.68217347858992,-56.73339347237654
DPZ,2.88,10.97,90.97330174776515,255.23230535195233,24.781441107105106
DASH,27.73,11.51,155.45257285263588,269.0984870829191,109.97891077858299
DOV,1.04,10.96,76.85756250678469,137.6160786316411,52.3546484538331
DOW,-10.0,2.91,-7.928316304014654,0.4549497520643766,-11.329187893452914
DHI,0.76,7.01,96.4760176646784,173.50124779139836,65.40915767259017
DTE,-6.31,1.0,-121.08751095867412,-116.26787467978706,-123.03831159368029
DUK,3.87,1.0,-107.93634579238142,-103.56215372834178,-109.69832285270869
DD,-10.0,1.0,-4.795105358979412,-3.9168036472557213,-5.1514093720424485
ETN,9.77,12.19,114.03934323749978,234.04512592020956,65.80191153271412
EBAY,4.26,17.46,60.2330847817906,107.28023733372872,41.28482129859927
SATS,-6.97,1.0,-165.99070009324484,-160.19354414424583,-168.33805048371045
ECL,4.26,10.42,61.34222597340319,125.50559083546132,35.50046808707035
EIX,3.9,1.0,-102.84696773294435,-97.52724525146982,-104.98978466615685
EW,10.77,15.18,37.68953404301206,60.98418668418783,28.329046939257594
EA,0.47,25.45,105.34733915846192,173.89104431211223,77.69779837467158
ELV,8.34,3.19,562.0564902044742,943.1151210994001,408.81327788766134
EME,15.32,6.68,632.4290902427499,1086.9544190943075,450.032333456331
EMR,9.28,13.07,58.55909425240342,115.79506090838585,35.54888344096462
ETR,-2.02,1.0,-63.23544047149748,-60.99711134994452,-64.13939296534444
EOG,-8.51,20.72,69.18447552429906,118.66091271527065,49.13215026543949
EQT,-10.0,21.21,14.294356042351806,29.006618410858657,8.325976323669886
EFX,5.85,11.34,53.007194708104855,120.23118047821845,25.94905592136555
EQIX,8.27,3.13,-169.15277132466787,-131.1619166613392,-184.43122118102085
EQR,4.19,40.0,28.158518713388737,63.644280221508964,13.866258659621787
ERIE,13.32,11.39,235.65203991872082,402.4925929249035,168.66236964906895
ESS,5.51,40.0,86.22042615085937,220.56926561348362,32.13724995433204
EL,-6.87,3.85,-3.746002512357261,9.971313621647102,-9.300033125722255
EG,12.84,27.29,2626.7367197713475,4522.707435351251,1865.3606500362018
EVRG,0.58,1.0,-65.36528428750108,-63.03357978441185,-66.30581412886004
ES,3.3,1.0,-74.58593609953745,-70.87753615139364,-76.08006139710557
EXC,8.34,1.0,-45.01677259070504,-41.924830574359945,-46.260201907671814
EXE,2.13,10.22,61.942220238252716,112.59059009946193,41.52600063592394
EXPE,8.09,19.07,456.73876980933875,773.1871258877271,329.46773836143615
EXPD,-10.0,9.48,71.90267762616831,113.58146793037423,54.99468342921155
EXR,20.63,40.0,126.44580825580748,268.8215385363365,69.38921953709732
XOM,-6.69,10.25,67.38800962881555,117.13560173865906,47.247738438838994
FFIV,4.63,23.22,221.4198977537955,360.852743826954,165.27140202125722
FDS,7.98,27.24,280.18289591656657,502.93974231702947,190.5900520838877
FICO,13.07,34.94,521.2221519854619,1005.0937885517993,326.9243318600118
FAST,5.52,13.37,15.520211002663766,26.448226784732668,11.121061016410511
FRT,5.98,21.02,-3.7668493727326,32.61762436655618,-18.411136969779335
FDX,-2.03,3.3,2.2829373319085704,98.59628787818832,-36.61357218471734
FDXF,-6.12,11.87,34.525060067383606,79.88330414910446,16.167739187431742
FIS,3.18,18.02,15.755408280236448,53.859870588457454,0.40225236382280793
FITB,2.87,40.0,41.02387561910585,80.28635542258941,25.202167501670505
FSLR,25.84,1.0,34.82369062509,48.17143687002757,29.48077187911355
FE,6.59,1.0,-43.95237195978431,-40.813428596671365,-45.215474888933734
FISV,6.11,20.62,137.58952970682128,234.01776259093393,98.78025891110427
F,5.82,3.52,-7.260989030340331,12.284469481940265,-15.128273078931976
FTNT,15.46,32.43,77.6063087558801,131.5007211602834,55.979830099439056
FTV,-10.0,29.69,22.816649902730745,43.85773623940544,14.280831970359971
FOXA,5.27,12.5,145.6022840844506,261.1119788773311,99.09868935954357
FOX,5.27,12.5,131.60056484192225,236.00236852959193,89.56894856983132
BEN,1.96,13.57,30.583854839954405,52.68343545946748,21.674935886286427
FCX,4.39,5.72,11.454243070269689,22.632162145301574,6.9525661403846035
GRMN,14.24,18.07,171.66524886281775,286.9562968897712,125.38598027084046
IT,5.87,19.03,281.58756875844904,496.3435654229404,195.1473106559743
GE,16.32,13.91,144.82263262716873,258.3250134533788,99.28750452355155
GEHC,3.99,8.44,40.474304428579366,81.20633136433864,24.06774225343758
GEV,8.68,3.46,113.85403819416464,178.7418589153656,87.76236424978644
GEN,14.66,34.38,54.81441107313029,104.16568966942019,35.00656124657774
GNRC,-2.67,7.4,41.66678481380639,82.19407167191117,25.294590906347736
GD,10.07,8.01,284.76535655826103,504.3515076719332,196.50925618910722
GIS,0.86,12.34,61.213247548481526,102.4019389405327,44.601180023106465
GM,5.69,1.0,-81.90399570256841,-58.24302443273795,-91.42828164279628
GPC,3.22,3.44,44.958097569244295,107.1672144337572,19.893038331296758
GILD,2.57,31.48,97.89356878497057,172.0836671858695,67.9932885151118
GPN,-4.96,25.26,9.05805560509707,57.49121857273515,-10.531142449868474
GL,4.67,24.23,259.2602844573261,464.92085084224175,176.443735183677
GDDY,6.56,26.17,148.24072604892237,265.8187894272383,100.92709740245913
GS,7.16,1.0,1060.1531827529577,1084.556731947328,1050.3352374073509
HAL,3.01,8.3,25.1608273113997,47.52824911584485,16.147854777840713
HIG,8.7,19.09,365.40241563460944,624.6058855701062,261.17631101131957
HAS,-7.06,11.05,16.857337069622123,39.22383332237689,7.800314279722191
HCA,7.87,8.06,275.97161673825406,626.4417952674166,135.00682584998228
DOC,11.05,40.0,19.85840051345963,44.00897260544491,10.154818841783499
HSIC,1.4,3.86,29.704791392928843,71.66381810333857,12.785971491251459
HSY,3.92,15.85,158.91771280719126,291.50434621850883,105.51127921120903
HPE,6.37,4.76,8.820000330371613,23.49438411275199,2.9145849375723305
HLT,11.13,16.75,127.90282492111591,258.9756395335669,75.23970582887672
HD,1.52,9.24,148.46354143339622,292.5943998794906,90.34980669794302
HON,1.82,14.04,76.07571974904573,155.60594673820606,44.01320114308781
HRL,-0.95,6.55,18.443880415624136,30.472788247154085,13.588453880909908
HST,7.61,16.11,19.932722457004918,38.06658698832127,12.638321144814554
HWM,13.37,12.57,52.55589489137597,94.9534792007609,35.532732620956175
HPQ,-4.21,5.6,28.482190639313977,52.42155098702164,18.803565474322653
HUBB,5.71,12.96,194.59470130145468,360.10786000268456,127.97101307667839
HUM,11.77,2.21,568.3963241528695,931.5997208006266,422.4955652457859
HBAN,3.88,34.23,19.122701903216726,33.65422041706869,13.269254227051864
HII,5.35,4.25,150.27856867918862,303.304290282624,88.67324052519973
IBM,3.72,17.32,127.08306576666546,257.7872030998091,74.43074813769188
IEX,2.81,17.7,102.94549465318008,186.07655003057874,69.44502866266477
IDXX,8.52,19.31,184.01164806313582,322.5951511963843,128.28360326639535
ITW,0.23,16.51,91.35297229608618,172.97832707955232,58.42303124604119
INCY,14.84,17.46,127.50459386067459,205.81290524274712,96.07601087999838
IR,8.95,16.16,50.29891884247611,92.66879080035548,33.26333335458443
PODD,27.54,6.61,92.5504608298988,168.47461882540404,62.16948015977121
INTC,-5.71,1.0,-1.3807324610765173,-0.6927432198419969,-1.6591106325749672
IBKR,30.0,40.0,596.2693698042914,892.8726716965232,477.63943396005294
ICE,9.47,31.53,100.36589183960011,197.15461495725563,61.45690851294972
IFF,-4.34,3.75,-6.0720182883297005,5.165497833896523,-10.615627568383927
IP,3.75,3.57,8.145309623842012,24.92913442396186,1.3842757906713954
INTU,13.95,30.71,488.33268331792505,842.8452108429334,346.01542918007965
ISRG,17.39,16.57,137.3874183042231,228.93004544989202,100.67252030380367
IVZ,1.78,17.35,32.225797335254235,56.086923331865904,22.606021064800245
INVH,6.84,35.27,13.35991148932577,33.08128824950688,5.424770957245574
IQV,4.21,11.83,94.5529671307411,218.8742089626788,44.48170079485304
IRM,10.58,1.0,-60.742768979604115,-57.3920522074175,-62.08926715779351
JBHT,-6.78,3.42,25.02270811783954,51.932593039215966,14.127668484884902
JBL,-3.8,2.5,52.34899684917535,103.29583915297991,31.755675303733042
JKHY,6.93,14.24,81.02844477290418,139.19170866432404,57.62649096801224
J,7.13,6.11,82.0154848598775,158.78662227000103,51.128933873126954
JNJ,5.6,20.8,120.01864021585632,213.48115535028103,82.39582261614308
JCI,4.57,6.58,25.546412930229348,53.3682541772133,14.342501661958076
JPM,12.5,1.0,112.26196921505903,122.93758920077892,107.97446419256713
KVUE,0.39,12.97,9.406988718522879,18.530667402606007,5.726493363697793
KDP,5.71,10.64,0.8592543931946283,15.850450610093766,-5.175129783669238
KEY,1.21,37.24,19.919691301507115,43.19445825597593,10.534048363916618
KEYS,-0.28,20.43,80.11451003729115,135.69051225396976,57.68842879244906
KMB,-6.58,12.58,40.33435743204948,79.27576346871254,24.56991926579211
KIM,7.4,40.0,10.409779294985672,26.26299669933403,4.032307285551104
KMI,-4.09,20.41,2.3199689346801216,13.378857598272798,-2.150842583940131
KKR,30.0,1.0,-2.600530568508474,4.312516790368811,-5.3654841595166
KLAC,9.69,31.5,561.457191652957,968.0544788649977,398.0171520975754
KHC,-1.98,10.84,12.64391910387452,30.725492401072255,5.341788818975475
KR,-0.14,1.61,14.809659469512152,48.29339153601745,1.2991241756337213
LHX,8.62,10.5,192.42686798287218,355.26806077237865,126.94632135180079
LH,5.55,9.28,181.9054664978758,362.8422162324291,109.06909579416063
LRCX,2.29,24.89,53.18581875003468,89.15649801842508,38.68709517292099
LVS,30.0,2.18,-0.6270670231577217,13.213384624981918,-6.162716426247157
LDOS,6.06,7.38,117.19552977410434,235.44191891404571,69.60418011701502
LEN,0.51,7.69,177.47320968467682,287.15940805419086,133.22814724843428
LII,3.26,10.24,172.72347596695562,329.79017385883736,109.4398154835388
LLY,30.0,4.24,88.64335062546985,188.7378496640201,48.6093930681842
LIN,0.62,15.94,107.2150866388896,213.0382042675692,64.53037383776702
LYV,14.74,4.63,113.24722714403762,200.34190138753794,78.29135856788383
LMT,4.38,8.79,364.9592832292373,675.146084622301,240.03755398729078
L,8.96,17.04,272.62286880283233,474.6576521856949,191.39143509578201
LOW,-3.85,8.05,60.58111328008737,149.8586079266255,24.493283381110114
LULU,11.03,11.1,226.08214975392352,392.2137204852141,159.33104046147483
LITE,-1.33,2.44,4.480148314516961,8.712728950393663,2.771376367941419
LYB,-10.0,6.45,13.474221228435471,44.792802499403194,0.7690926361355214
MTB,6.33,39.92,425.66769925487716,737.6912004871112,300.0980078570608
MPC,-9.23,6.03,123.79102212911002,272.186441632506,63.620684391317226
MAR,8.02,9.79,112.44169189654559,237.44268808238047,62.16697356331799
MRSH,9.2,16.55,133.5332902663814,259.24871009554084,82.99133684081629
MLM,-0.06,12.46,74.35720541093761,185.82317174786044,29.38280002361072
MAS,-4.49,11.21,30.07388995913178,59.36451601242834,18.22999550189014
MA,13.82,40.0,331.7329364629471,581.099432086282,231.62224043338364
MKC,2.51,10.3,21.271677528717582,48.748594763124714,10.197558845854529
MCD,5.06,26.15,83.31617446391154,194.11394349644303,38.7061608375676
MCK,13.39,1.41,1028.5986199438062,1801.9907616640185,718.0737752828503
MDT,1.91,16.27,44.327650091400415,85.21777936047629,27.843446631238386
MRK,3.12,21.81,67.32735682679119,125.91310048392732,43.72127691154707
META,19.89,26.26,697.9960413422058,1216.8871542810502,490.01561187140976
MET,3.92,20.74,339.2006210929998,597.8036659451935,235.0344038596602
MTD,0.9,21.24,461.4694538731932,848.9948820433962,305.1768913956778
MGM,10.14,8.45,0.7096745628271826,82.6786790504865,-32.2346093671197
MCHP,-10.0,26.83,9.269320199700532,21.387045432112174,4.353476279699409
MU,6.71,1.0,9.066724530955135,13.076879956073144,7.453117148484577
MSFT,12.42,29.14,233.99537923146937,407.272925801069,164.40271440216065
MAA,3.03,35.68,51.57707836916631,120.3843054550403,23.851403237203716
MRNA,-10.0,1.0,10.245994860941158,10.497606515192563,10.14392259927237
TAP,1.35,10.02,53.04409276371241,112.73705140686766,28.97409704559104
MDLZ,6.96,9.4,33.40617571419929,67.93344757123647,19.514292613161608
MPWR,15.86,23.6,361.635943395518,605.7883243974148,263.6743853582029
MNST,9.54,19.13,34.339891535697994,56.691076339657755,25.354940702334154
MCO,12.17,30.62,257.59131695464663,467.4084061404619,173.31710878107643
MS,9.52,1.0,61.210923607432186,66.96930574988536,58.896102449372776
MOS,-10.0,4.35,-3.655525721688748,4.9047300552843325,-7.128197407817813
MSI,8.63,19.22,199.7396148581038,378.6006351101595,127.8176617264781
MSCI,11.71,40.0,279.14776992681755,540.9998993616294,173.95844111259774
NDAQ,9.89,24.45,54.214499069693126,104.21848680506277,34.115721077898954
NTAP,1.32,18.5,89.91592191792797,147.53523853224667,66.68179003281026
NFLX,12.64,16.09,36.80916081312776,64.1327139863047,25.836039791656514
NEM,23.91,14.5,107.55341517996955,185.9198336142992,76.1716717755514
NWSA,-6.63,6.72,12.983107429960448,22.73121013738671,9.03671889971909
NWS,-6.63,6.72,25.940284818517565,45.417021188060936,18.055389539691117
NEE,9.36,7.52,-30.128102022361382,-16.626501662975702,-35.555916857869846
NKE,-0.29,9.73,45.37481409356249,77.83132101253008,32.27787711872957
NI,4.32,1.0,-32.74874362834867,-31.251205844241735,-33.35186278846449
NDSN,2.53,20.72,116.10445988235679,219.04462640897637,74.61646373851353
NSC,-1.5,14.09,19.92464488301769,82.0090105958874,-5.141955151275461
NTRS,6.15,24.37,148.67731401970826,274.15291416555493,98.17804145829182
NOC,4.65,5.91,166.33469749440854,357.8882311818682,89.19827448869157
NCLH,26.6,1.0,-26.60374093129826,-20.542708021745227,-29.029513970319293
NRG,-0.88,1.5,-82.79659746789524,-64.55261358623999,-90.1604857132725
NUE,-7.84,8.93,95.66801567374233,170.11566931348892,65.50750985828637
NVDA,30.0,37.47,143.32698087204685,251.27437621878508,100.15216621948082
NVR,-0.63,14.1,6999.192813212994,11585.506724664145,5148.2241759909675
NXPI,-2.42,18.2,71.06061439622592,139.67270546038537,43.34610518919459
ORLY,7.26,12.96,38.74781595995576,73.26606139121736,24.861063447539763
OXY,-10.0,26.17,33.975351046949385,63.4873470924617,22.00310678947201
ODFL,-4.24,15.28,44.478042264684255,73.00724872722404,32.94354492334206
OMC,6.52,10.34,81.69173095511451,156.8711234973196,51.438953509849
ON,-10.0,16.32,18.581115329745014,31.65189414029668,13.2786425212621
OKE,14.53,11.02,86.01805905691734,187.1729925021066,45.416547727007035
ORCL,10.59,12.6,8.01002232911249,44.34661819131433,-6.591958106260643
OTIS,1.79,10.28,34.75548183119809,71.7375870684126,19.845944714456618
PCAR,-0.44,8.32,44.74727636455578,83.27725745071803,29.198500048621934
PKG,1.97,8.27,74.53894569032782,155.06126683550275,42.07848672153546
PLTR,30.0,31.93,29.79920016036962,49.91316027408885,21.754388175332924
PANW,18.79,36.75,117.39621950358912,203.14822388623134,83.01602015219187
PSKY,0.73,1.0,-9.889462418097297,-7.450448037107373,-10.873214050837655
PH,7.76,14.84,348.0085147085866,644.8737630233086,228.60012783125137
PAYX,6.51,31.59,74.80678219285963,133.6716043382679,51.11896972062243
PYPL,6.43,17.7,110.5520117899234,190.00348742970976,78.57899693763864
PNR,0.44,13.7,34.18171096091658,65.87509782416441,21.396870836060167
PEP,2.83,7.79,47.49048344242801,101.324834215194,25.796276411443415
PFE,-10.0,15.93,5.362604503202964,14.45029425470714,1.6759666602934418
PCG,4.77,1.0,-26.27061621956547,-25.020104381163144,-26.774160051574235
PM,8.57,26.93,100.71658295851636,193.29407167912183,63.4893613288043
PSX,-8.0,3.06,36.59963198123998,95.16064595344054,12.87290763435762
PNW,7.28,1.0,-117.1377360873454,-111.66310070037318,-119.34017314314083
PNC,3.01,36.72,174.74805221281926,388.9527189501063,88.43409330583003
POOL,-5.05,9.81,105.43090987360229,201.8298750100707,66.4395041152581
PPG,0.55,6.61,34.96323722812736,77.38459451090024,17.851718633581687
PPL,4.59,1.0,-23.430816224970656,-22.114675138418075,-23.960823373290484
PFG,-3.77,25.24,205.26249190779745,337.4101110929123,151.84769331585838
PG,1.67,17.51,77.5021574976527,137.81325827127495,53.186271646085146
PGR,20.9,17.32,777.75255201451,1363.4551536761398,543.0494323076573
PLD,13.74,40.0,49.52225335654725,112.18172896725824,24.366387577741914
PRU,2.28,10.84,222.97112667524445,409.4018076494367,147.8261042355364
PEG,7.48,1.0,-43.81218714731058,-40.75070774565767,-45.04373036063807
PTC,12.32,28.11,136.20829179466958,240.23988181296386,94.42520748247391
PSA,4.88,40.0,118.77387507853055,240.7641522742555,69.65394230845047
PHM,2.66,8.85,113.1664715174336,193.38363555642275,80.83823718868068
PWR,18.6,5.38,243.4018906649401,452.1886998683662,159.6898135071695
QCOM,0.06,25.14,131.72159774506702,224.5417944463235,94.27248184853649
DGX,3.74,11.04,112.80637587631757,228.5262380516555,66.19073162712697
Q,-0.01,19.19,38.772187319048726,76.94649738936032,23.36994187623081
RL,7.99,9.93,363.57714569142803,638.4379091573154,253.02826648401881
RJF,8.45,1.0,69.30301992038684,78.61617977419364,65.557867465994
RTX,9.72,6.66,61.62334757000546,122.54479031229317,37.135036760965086
O,19.8,40.0,39.59133608393752,92.65027227855764,18.323936458337254
REG,8.27,40.0,34.476871021247305,78.60571601502161,16.729987104339916
REGN,5.62,26.76,671.3131482458591,1099.6002184284714,498.90991553063503
RF,1.65,29.19,32.35485790680052,56.81673679456465,22.49236098257321
RSG,7.08,13.41,80.98138644435717,169.9773244890771,45.17593151754433
RMD,12.88,19.56,159.3321635473775,270.34196478073136,114.7538764547384
RVTY,-4.82,13.95,14.98737398720343,39.475746106380136,5.083600362532143
HOOD,30.0,5.91,21.335218422948504,32.14162823761688,17.01306929364971
ROK,2.44,11.55,91.72460466284709,177.20732820913653,57.27121317498661
ROL,11.74,16.67,25.578456250224946,45.3868712952226,17.621241025374523
ROP,13.73,26.7,379.2789630760696,726.531749347591,239.86719631334628
ROST,6.76,7.9,94.74303272331686,162.65187867790326,67.41832766218428
RCL,26.59,1.0,-54.28498930103632,-35.35383119843327,-61.861705881903646
SPGI,11.11,31.44,295.1258193101742,536.0267540112258,198.33484083785424
CRM,9.82,28.72,247.4671646487313,450.66635622713096,165.7907064179063
SNDK,9.93,1.0,33.58761547555782,40.553586501557945,30.787727036437932
SBAC,2.25,40.0,8.408570574611113,112.28215069116882,-33.4604636931176
SLB,8.33,11.48,44.97493775493062,80.70403701800163,30.60637411682561
STX,-7.94,9.64,21.722027857847195,44.23409759921995,12.601285099253559
SRE,-1.73,1.0,-52.008003837183054,-50.324203301731956,-52.68791435287755
NOW,22.38,31.24,131.54221047116863,227.74127701347473,93.00632998745736
SHW,2.1,9.36,68.4070307610032,155.35640483571908,33.35758228264963
SPG,6.35,40.0,45.36466963623158,138.74393885924943,7.785729838348107
SWKS,-9.34,29.06,68.65724753681954,111.17754230307379,51.41518676176472
SJM,2.94,8.65,34.1080586532049,105.74463592252935,5.241276432303361
SW,30.0,3.22,55.17433064437451,116.9502573697664,30.46633118044964
SNA,2.11,18.66,271.8506079972449,452.38594303188984,199.07688559556402
SOLV,0.79,11.76,48.30870013303259,99.79786785576815,27.541682510833876
SO,0.31,1.0,-63.11672258270826,-60.78436155773103,-64.05762952462865
LUV,5.63,1.0,3.165580198770735,9.767154344616399,0.5081787021684574
SWK,-3.71,1.0,-31.98355310304927,-24.915847692827818,-34.84026657182564
SBUX,4.86,8.47,24.081764991895323,54.72837627874997,11.741697477568843
STT,4.82,14.93,119.74184599363006,203.11520845654584,86.1705085344299
STLD,-6.53,7.12,61.49644385754794,117.72943687758102,38.732600241029324
STE,9.38,12.82,132.92905075555728,239.5438316724479,90.06873973107118
SYK,10.83,14.71,164.46012425273656,305.16538409410987,107.92158911581902
SMCI,30.0,1.0,2.4472576496281557,14.253351446127107,-2.2747267002244644
SYF,8.67,40.0,344.83208773647533,580.7449946057524,249.97006953242044
SNPS,15.19,25.72,186.44086521537685,354.10850658902905,119.15493460964002
SYY,5.84,2.28,36.09862777665068,81.1191076189094,17.977483018405945
TMUS,3.53,9.74,9.983412335734773,92.684880662645,-23.33414920831333
TROW,4.08,21.21,126.78324095099285,204.13044652481497,95.6294216840802
TTWO,7.56,1.0,1.1720167634386656,5.682465156719319,-0.6423568578624701
TPR,1.6,14.01,53.214856952335005,99.28748440270716,34.63897196911855
TRGP,-6.65,4.44,-54.81048082137415,-32.88751800090832,-63.68575171153746
TGT,-1.34,2.27,29.136708124216387,72.00478258180517,11.829980656956696
TEL,1.97,15.4,111.9712663213271,199.89641166145003,76.52652700126258
TDY,3.86,14.28,245.54713775548282,444.8858285398354,165.25086449611214
TER,0.37,14.99,41.179964580245326,68.44142640847312,30.18259140319734
TSLA,5.19,6.0,32.14703216258968,49.213754423354786,25.275873268411264
TXN,-4.07,15.39,22.475504163426717,43.795030758912254,13.856711278270176
TPL,6.15,34.26,69.97813037328295,116.69623606682772,51.17581217320215
TXT,4.77,6.54,72.68698178089535,134.11521348448926,47.95161676081417
TMO,-0.27,15.66,132.46608968023924,294.74424563073984,66.98378563993398
TJX,6.53,7.21,59.54432879901507,106.82821009946056,40.51697267797812
TKO,30.0,20.58,495.4333387841394,915.4074754324022,327.45980454167506
TTD,22.44,27.44,62.087093499317,106.7237636700379,44.206587167854885
TSCO,3.0,4.29,6.8778974838234195,19.752305980290934,1.6901371681071489
TT,10.06,11.64,205.94509997766204,364.39137502248656,142.26222983645417
TDG,17.61,19.57,322.18326899487397,928.4449893097988,79.04436939882413
TRV,9.79,19.36,858.7440154748972,1478.1365932675421,609.7750877134696
TRMB,-0.81,11.91,17.816172575958653,33.2391410558121,11.59114782975265
TFC,0.57,35.78,56.99165306674651,109.59112082374348,35.77477415710488
TYL,8.02,22.05,234.42419738080335,395.10266303095807,169.8001998316006
TSN,0.72,1.51,12.017901248601609,38.49203387263133,1.3398012189282031
USB,5.68,40.0,102.14588126632343,186.97025976093113,68.00126985277771
UBER,17.73,11.17,73.46721522176834,129.7791985334821,50.88423728671525
UDR,4.11,35.63,10.983606361015758,31.077435875605236,2.8903438907646217
ULTA,6.68,9.48,421.0262937387609,750.9364400291511,288.2751908869983
UNP,-0.49,22.4,65.70114241951995,144.76751425194405,33.79308378543821
UAL,9.53,3.33,65.51703040091077,149.04540525315866,31.939381473647142
UPS,-4.04,6.77,56.35201060065049,113.75709653726635,33.14532984320274
URI,11.41,4.41,-0.5398128111865147,169.4052690701486,-68.81518964821558
UNH,11.35,5.72,536.1364917587334,957.8584557204098,366.70680582445823
UHS,9.03,4.37,175.71824500479562,367.3366779981178,98.67652387575987
VLO,-10.0,5.12,154.93419483442406,264.7595373129008,110.38092829881914
VEEV,14.03,39.69,224.38571335608574,355.1319163195854,171.89946250063747
VTR,12.21,14.66,12.140615128519205,39.46890598533809,1.1641753160746093
VLTO,4.16,17.37,54.3002604156464,96.04820552860288,37.485599955011736
VRSN,5.15,40.0,103.78056870128742,185.65245466279623,70.81793738281932
VRSK,7.16,33.28,105.56350331416695,201.96771355661411,66.77853873973002
VZ,0.33,11.38,3.278339871511838,36.812743299849004,-10.249795623565785
VRTX,10.35,23.73,245.12016398612366,405.4999975950132,180.66614144568604
VRT,21.59,9.79,79.05479903440065,139.40571948574137,54.87477678057627
VTRS,-4.2,14.16,8.187893176566503,20.498981968791817,3.210583364299405
VICI,15.49,40.0,20.58014942682951,47.25716031211405,9.87541526755694
V,10.92,40.0,191.25218139320458,332.6216922468559,134.44836021268526
VST,8.92,10.37,45.71338646012899,118.76327407498309,16.342036837154787
VMC,2.77,10.26,52.535384007070654,115.5254680944361,27.15105707546703
WRB,9.28,23.9,180.82498991675118,308.79102864835505,129.37960464128483
GWW,5.62,8.32,475.37302020905577,838.6006448115436,329.1588351478946
WAB,10.12,12.55,125.97589156324433,242.83854529506206,79.0072389665761
WMT,5.27,2.06,21.786294250688876,42.67468692822986,13.376756680376989
DIS,4.51,6.71,33.244810359657635,73.03817713621658,17.21958132768855
WBD,3.32,11.06,12.914710249165932,29.872215643466276,6.082525828762383
WM,8.56,9.95,59.4043895833182,141.66517537512706,26.325637835121114
WAT,2.12,16.84,24.588854717510575,77.38303235788314,3.307625607547654
WEC,0.7,1.0,-64.36771867162648,-61.63910243807085,-65.46829120706144
WFC,4.02,16.55,66.95682199015998,115.19948157920972,47.52525347425096
WELL,22.69,25.28,102.17774793944841,194.69621684010687,65.11885976027307
WST,2.12,13.52,86.18119691736605,143.368965256272,63.12885619720576
WDC,-10.0,1.0,6.666804226902416,8.101474741013796,6.0847959548271024
WY,-10.0,8.07,-0.7677393760908616,3.2483223190464856,-2.3969504769982275
WSM,-3.45,13.9,95.15500775424393,162.95738533183183,67.7534212991082
WMB,2.91,21.01,6.095542495494779,26.83752155061284,-2.262792299806349
WTW,3.07,11.79,125.42466285122136,248.83526603050112,75.6975185706239
WDAY,15.4,25.51,299.5364231811158,515.9937458587705,212.6759673395567
WYNN,23.86,6.43,49.918541189847346,162.21289376599145,4.949851021196645
XEL,-1.42,1.0,-57.175061377370966,-55.25717961170477,-57.94937620682358
XYL,17.84,8.95,86.31816295813063,153.6952703990787,59.29843178472647
YUM,6.28,18.58,48.426949571375076,114.09104143758178,22.000880781695315
ZBRA,-2.27,9.93,74.1750280472722,162.08196031240408,38.669353083060095
ZBH,5.85,15.89,75.52987924156498,154.11420610282465,43.899189487736294
ZTS,5.42,21.08,60.185139619531455,114.40273659621458,38.35870416223953
