symbol,name,sector,current_price,market_cap,pe_ratio,ev_ebitda,altman_z_score,z_score_zone,ml_fair_value,ml_upside,dcf_base_case,dcf_bull,dcf_bear,dcf_upside,cagr,avg_fcf_margin
MMM,3M Company,Industrials,153.11,79857164288.0,29.500963,13.948,4.202,safe,142.03988466983168,-7.2,48.70321926031687,90.7908338268013,31.709753240113947,-68.2,-1.57,10.86
AOS,A. O. Smith Corporation,Industrials,57.56,7933415936.0,15.349334,10.45,7.607,safe,70.39326878158367,22.3,53.70647872633029,93.00354249101748,37.85603916093222,-6.7,0.67,12.68
ABT,Abbott Laboratories,Healthcare,91.67,159672008704.0,25.677872,15.804,4.619,safe,91.1996681177894,-0.5,36.99663460856801,72.62208324319684,22.626121371964185,-59.6,0.51,15.58
ABBV,AbbVie Inc.,Healthcare,229.4,405302280192.0,111.902435,15.41,2.186,grey,225.01803239102023,-1.9,136.85228065529353,255.17887147000107,89.14761336150225,-40.3,1.75,35.79
ACN,Accenture plc,Technology,178.855,110073651200.0,14.660246,8.662,,,,,253.13234157885825,427.6085430610504,182.86022354154207,41.5,4.19,14.31
ADBE,Adobe Inc.,Technology,252.12,101906898944.0,14.692307,10.953,7.408,safe,258.0740648787729,2.4,461.9354668404308,791.9276243901679,329.32424476161697,83.2,10.52,38.96
AMD,"Advanced Micro Devices, Inc.",Technology,471.224,768378142720.0,158.12886,113.682,34.168,safe,522.728551684322,10.9,62.09488090499187,103.31333977409676,45.54646175695539,-86.8,13.64,11.73
AES,The AES Corporation,Utilities,14.71,10490549248.0,7.6614585,12.913,0.454,distress,25.929870353936703,76.3,-40.16070708510262,-38.7329092897877,-40.7370521606104,-373.0,-1.02,1.0
AFL,Aflac Incorporated,Financial Services,118.43,60279083008.0,13.534857,11.033,,not applicable,,,50.978170812307575,92.8924453668256,34.04089288783406,-57.0,-3.23,16.51
A,,Healthcare,136.18,38461579264.0,27.34538,20.256,5.189,safe,137.9969346810147,1.3,54.06685956220083,94.99011023730962,37.55912322392312,-60.3,0.48,18.54
APD,"Air Products and Chemicals, Inc.",Basic Materials,283.87,63212363776.0,29.881052,21.398,2.531,grey,294.9857894366286,3.9,-72.06669512921196,-67.73217180804555,-73.81698468512701,-125.4,-1.77,1.0
ABNB,"Airbnb, Inc.",Consumer Cyclical,133.05,78965825536.0,32.851852,26.687,4.261,safe,246.74737816347448,85.5,285.1739149335399,475.1515454063911,208.89566032310083,114.3,13.38,39.66
AKAM,"Akamai Technologies, Inc.",Technology,149.23,21695870976.0,50.41554,24.456,3.111,safe,158.62529716264388,6.3,55.16079946611966,117.32718092378153,30.132117539671377,-63.0,5.18,19.08
ALB,Albemarle Corporation,Basic Materials,156.19,18420213760.0,29.881052,21.494,2.499,grey,186.52825378692137,19.4,-4.173169845108188,-1.9080742026406203,-5.092059853643989,-102.7,-10.0,1.0
ARE,"Alexandria Real Estate Equities, Inc.",Real Estate,51.73,9014960128.0,31.9546975,13.623,,not applicable,,,34.81729496411631,108.7431924308918,5.047157075916196,-32.7,4.56,40.0
ALGN,"Align Technology, Inc.",Healthcare,167.635,12005704704.0,28.126677,12.475,4.952,safe,168.6926828455036,0.6,116.9087691405839,188.28279858914735,88.14388051979113,-30.3,2.61,12.72
ALLE,Allegion plc,Industrials,130.07,11177678848.0,17.744884,12.98,4.216,safe,128.48514284391706,-1.2,101.03311331172148,188.0545151791408,66.02747958849305,-22.3,7.52,14.64
LNT,Alliant Energy Corporation,Utilities,73.08,18874886144.0,22.981133,16.252,1.187,distress,71.40461782516113,-2.3,5.958966360306232,41.01830541565425,-8.178758343532849,-91.8,1.23,22.3
ALL,The Allstate Corporation,Financial Services,220.675,56806363136.0,4.88219,3.932,,not applicable,,,562.6789282274802,969.7230120607252,399.0672836714824,155.0,9.84,11.19
GOOGL,Alphabet Inc.,Communication Services,366.8701,4463474507776.0,28.00535,27.762,,,,,316.45463432185886,540.8629435302412,226.32895400385087,-13.7,12.51,20.7
GOOG,Alphabet Inc.,Communication Services,364.45,4431597797376.0,27.784136,27.543,,,,,337.6806097898178,577.1409509466994,241.50981187205468,-7.3,12.51,20.7
MO,"Altria Group, Inc.",Consumer Defensive,72.8,121568083968.0,15.198331,8.805,4.781,safe,81.95826541720845,12.6,47.35739068334821,87.77894765621592,31.041827029759617,-34.9,-0.89,40.0
AMZN,"Amazon.com, Inc.",Consumer Cyclical,249.67,2685727670272.0,31.13092,18.109,5.714,safe,253.35810887626636,1.5,21.51925872455769,43.16799507296352,12.822748808348138,-91.4,11.73,2.14
AMCR,Amcor plc,Consumer Cyclical,37.99,17564514304.0,30.392002,10.179,1.175,distress,36.11742630065395,-4.9,-7.183754422207974,10.302217099383784,-14.23552966162469,-118.9,1.05,5.84
AEE,Ameren Corporation,Utilities,109.95,30428839936.0,19.775179,13.334,0.98,distress,108.73209675494722,-1.1,-72.17101974900642,-68.88088319243126,-73.49656796981748,-165.6,3.41,1.0
AEP,"American Electric Power Company, Inc.",Utilities,129.915,70687399936.0,19.218193,13.346,0.99,distress,130.5677287101436,0.5,-88.18362505107625,-83.97268373463135,-89.87998235143102,-167.9,3.66,1.0
AXP,American Express Company,Financial Services,309.5,211180044288.0,19.307547,11.172,,not applicable,,,560.2170544368997,968.592934569788,396.1294717814821,81.0,10.97,26.25
AIG,"American International Group, Inc.",Financial Services,75.31,39929827328.0,13.258802,4.633,,not applicable,,,84.74029561078392,140.26217389146117,62.298945846947255,12.5,-3.69,15.13
AMT,American Tower Corporation,Real Estate,194.605,90665115648.0,31.337358,20.1,1.239,not applicable,206.12854261628863,5.9,9.0761306578117,79.88170868324158,-19.451203175995463,-95.3,3.34,30.05
AWK,"American Water Works Company, Inc.",Utilities,126.065,24618039296.0,22.351952,13.892,0.952,distress,123.09560374431815,-2.4,-74.17338506292215,-70.35673533541377,-75.7070783496455,-158.8,10.67,1.0
AMP,"Ameriprise Financial, Inc.",Financial Services,456.61,41047908352.0,11.375436,11.172,,not applicable,,,1418.3185894024075,2386.590185186239,1029.0178847908512,210.6,9.03,34.99
AME,"AMETEK, Inc.",Industrials,227.245,52085235712.0,34.37897,22.48,7.686,safe,202.92738357763744,-10.7,111.57620213520336,195.9145315898149,77.63583477258895,-50.9,6.36,21.94
AMGN,Amgen Inc.,Healthcare,354.35,191245631488.0,24.641865,13.702,1.898,grey,345.62460545861484,-2.5,322.1490385266624,614.1049690925521,204.86873869696785,-9.1,11.77,28.15
APH,Amphenol Corporation,Technology,139.895,172103663616.0,40.199715,23.845,6.629,safe,140.1063025511369,0.2,85.11946316583946,157.23726786452255,56.22971312629452,-39.2,22.31,16.11
ADI,"Analog Devices, Inc.",Technology,409.72,199579041792.0,60.882614,34.819,9.324,safe,391.3983062082703,-4.5,74.54652685156603,131.35746959313792,51.59411405091945,-81.8,-2.84,33.07
AON,Aon plc,Financial Services,329.625,70400303104.0,18.101318,14.237,1.784,not applicable,324.564841686169,-1.5,286.643385478373,540.1013028001639,184.81161100023616,-13.0,11.25,21.17
APA,APA Corporation,Energy,36.935,13055423488.0,8.609557,3.588,1.682,distress,41.02229176999397,11.1,23.604366409143985,46.606117372336925,14.290669953023928,-36.1,-6.96,14.88
APO,"Apollo Global Management, Inc.",Financial Services,126.79,73096658944.0,79.742134,11.172,0.06,not applicable,,,527.7337410237724,927.3467784725844,367.9038649143743,316.2,30.0,22.24
AAPL,Apple Inc.,Technology,312.4,4588330024960.0,37.866665,28.675,12.007,safe,309.45144135568034,-0.9,103.6962847721263,175.4814416205353,74.75604520822539,-66.8,1.81,26.45
AMAT,"Applied Materials, Inc.",Technology,464.18,368540090368.0,43.62594,42.842,18.144,safe,496.6982342057452,7.0,126.22551746225749,212.52929842694056,91.45251285957956,-72.8,3.23,23.54
APP,AppLovin Corporation,Communication Services,554.395,186243203072.0,48.166378,38.759,25.391,safe,559.8031719283556,1.0,248.32167892264195,437.6951294445847,172.502310980363,-55.2,24.84,40.0
APTV,Aptiv PLC,Consumer Cyclical,69.2,14644140032.0,41.190475,7.043,2.257,grey,74.51145727465276,7.7,58.15302618106368,120.8723315861025,32.90253013409477,-16.0,5.26,5.76
ACGL,Arch Capital Group Ltd.,Financial Services,91.22,31871320064.0,7.016923,5.202,,not applicable,,,780.5793259487502,1367.606570549581,545.6149961798417,755.7,26.14,38.22
ADM,Archer-Daniels-Midland Company,Consumer Defensive,81.85,39448137728.0,36.540176,19.895,3.213,safe,84.09696081987079,2.7,25.142362098838014,54.695147724193006,13.171968463249552,-69.3,-7.54,2.99
ARES,Ares Management Corporation,Financial Services,125.38,41356169216.0,57.778797,34.758,1.673,not applicable,109.44992682716055,-12.7,130.89551499685513,271.3380402590474,74.636539325564,4.4,22.39,23.26
ANET,"Arista Networks, Inc.",Technology,153.83,193698037760.0,52.86254,46.419,18.932,safe,166.226239706431,8.1,108.3238739930579,182.85256889698456,78.49895806481368,-29.6,27.15,36.02
AJG,Arthur J. Gallagher & Co.,Financial Services,215.7,55422390272.0,34.902912,16.715,1.167,not applicable,209.95882812463512,-2.7,194.39338092829828,371.5536615961439,123.34565693053985,-9.9,17.7,16.57
AIZ,"Assurant, Inc.",Financial Services,257.76,12771398656.0,13.218462,7.783,,not applicable,,,395.29101632346567,678.8343716274505,281.24758576588954,53.4,7.93,8.57
T,AT&T Inc.,Communication Services,22.905,159151702016.0,7.5345397,7.294,0.932,distress,25.3004529178232,10.5,14.39207680527852,38.75243372036536,4.569185584061943,-37.2,1.34,14.4
ATO,Atmos Energy Corporation,Utilities,171.57,28638435328.0,21.155365,14.778,1.763,distress,168.60758348999437,-1.7,-52.640419805569,-49.66597106837648,-53.83858284274827,-130.7,3.83,1.0
ADSK,"Autodesk, Inc.",Technology,232.215,49031094272.0,33.9,22.954,3.955,safe,233.65306643813648,0.6,229.5129152307944,394.62273797116296,163.21040643980714,-1.2,12.92,30.19
ADP,"Automatic Data Processing, Inc.",Technology,234.11,93581787136.0,21.85901,14.769,2.658,grey,209.638942101043,-10.5,171.0265845775125,293.8266240923565,121.63003426225328,-26.9,7.61,18.93
AZO,"AutoZone, Inc.",Consumer Cyclical,3103.43,50800046080.0,21.333815,14.752,2.628,grey,,,1473.0873673939266,3033.5911180934154,844.828558856831,-52.5,5.23,11.95
AVB,"AvalonBay Communities, Inc.",Real Estate,190.56,27035140096.0,23.584158,19.45,1.859,not applicable,185.09229894997867,-2.9,73.68308032360773,171.43234808441665,34.33241090257695,-61.3,5.45,40.0
AVY,Avery Dennison Corporation,Consumer Cyclical,154.78,11839181824.0,17.449831,10.541,3.44,safe,153.50810494678515,-0.8,61.417508489681005,133.642411255134,32.26783422087255,-60.3,-0.68,7.37
AXON,"Axon Enterprise, Inc.",Industrials,485.2,39108128768.0,197.23578,412.871,7.296,safe,729.4779197315225,50.3,139.70422158309384,256.59215440889227,92.95353511525286,-71.2,30.0,10.49
BKR,Baker Hughes Company,Energy,63.55,63045963776.0,20.303513,13.688,2.696,grey,66.685709689316,4.9,37.4551187456904,64.28366768426524,26.669979516015133,-41.1,9.44,7.0
BALL,Ball Corporation,Consumer Cyclical,53.015,14115058688.0,15.456267,10.47,2.459,grey,52.65109052264726,-0.7,-21.71848660035081,-17.500467332209343,-23.42074135572743,-141.0,-0.53,1.0
BAC,Bank of America Corporation,Financial Services,53.76,381512712192.0,13.33995,11.172,,not applicable,,,33.83026290465411,52.45511751177855,26.334052355453675,-37.1,6.0,9.99
BAX,Baxter International Inc.,Healthcare,19.47,10055651328.0,26.364431,9.239,2.152,grey,19.34263024742813,-0.7,6.938420711398319,22.027562627171847,0.8601431331067683,-64.4,3.79,6.58
BDX,"Becton, Dickinson and Company",Healthcare,152.62,42058489856.0,26.638742,9.367,1.835,grey,138.4993456223395,-9.3,89.9327219780189,194.2436177475386,47.93335933944372,-41.1,4.99,11.79
BRK.B,,,,,,,,,,,,,,,,
BBY,"Best Buy Co., Inc.",Consumer Cyclical,71.01,14961465344.0,13.150001,6.613,4.263,safe,71.16376808360602,0.2,42.88606700833925,78.7898893447312,28.37606662623176,-39.6,-3.43,2.46
TECH,Bio-Techne Corporation,Healthcare,51.65,8086776320.0,73.78572,22.955,8.99,safe,53.581099181151416,3.7,24.43837095209552,41.656109143444894,17.501361901957335,-52.7,3.33,21.44
BIIB,Biogen Inc.,Healthcare,198.2,29261676544.0,21.334768,8.838,3.319,safe,196.6710911592781,-0.8,129.40286888265925,226.99449823138613,90.01066566971672,-34.7,-0.94,17.42
BLK,"BlackRock, Inc.",Financial Services,996.93,162348564480.0,25.061087,16.167,1.702,not applicable,1061.1810762654563,6.4,650.3434059639665,1124.1525118429113,459.9456450598385,-34.8,10.65,20.96
BX,Blackstone Inc.,Financial Services,115.48,141146816512.0,29.610256,11.172,,not applicable,,,180.5965569588065,327.3379940166042,121.78546479843892,56.4,20.27,40.0
XYZ,"Block, Inc.",Technology,68.01,40478261248.0,53.132816,27.269,2.779,grey,78.63817657489327,15.6,36.73275271797319,64.18577801166346,25.703248860140167,-46.0,11.33,4.07
BNY,,Financial Services,142.805,98018361344.0,17.695787,11.172,,not applicable,,,410.5975725868983,527.9353346696819,363.38590394989416,187.5,6.87,33.44
BA,The Boeing Company,Industrials,215.622,169975316480.0,85.564285,-61.625,1.569,distress,217.00208431325825,0.6,-14.66151836376732,1.5466602244008962,-21.175359187360822,-106.8,10.33,1.0
BKNG,Booking Holdings Inc.,Consumer Cyclical,166.19,128777052160.0,21.895916,12.809,6.29,safe,166.9453373303061,0.5,296.02965119991137,515.644142552913,207.92502363836823,78.1,16.35,33.99
BSX,Boston Scientific Corporation,Healthcare,49.01,72846262272.0,20.506275,14.986,3.301,safe,48.832646668498604,-0.4,37.00095315719392,68.81540569623144,24.238334189431917,-24.5,16.54,12.56
BMY,Bristol-Myers Squibb Company,Healthcare,57.545,117510987776.0,16.119047,7.988,2.278,grey,83.5003199866317,45.1,71.34666864466179,132.14662581330597,46.83132513628657,24.0,1.45,27.38
AVGO,Broadcom Inc.,Technology,391.005,1851444690944.0,65.28214,48.485,13.483,safe,299.0837926157826,-23.5,176.82684927266857,316.77480515612586,120.79047335944232,-54.8,24.38,40.0
BR,"Broadridge Financial Solutions, Inc.",Technology,152.875,17681262592.0,16.350267,11.876,3.746,safe,127.77880774087484,-16.4,96.61088313979572,183.26357304419145,61.74039658698022,-36.8,6.46,12.17
BRO,"Brown & Brown, Inc.",Financial Services,59.18,20058933248.0,19.276873,10.695,1.423,not applicable,57.99962426667294,-2.0,83.47196056941749,160.20192512096597,52.69794309153855,41.0,17.38,23.22
BF.B,,,,,,,,,,,,,,,,
BLDR,"Builders FirstSource, Inc.",Industrials,73.785,7936305664.0,28.162216,10.976,2.405,grey,74.92161006210159,1.5,67.46691762845603,140.39097143369892,37.883537939214335,-8.6,-10.0,9.94
BG,Bunge Global SA,Consumer Defensive,126.63,24568512512.0,33.323685,18.412,3.146,safe,136.06209849013325,7.4,-25.163047990939805,9.051442363755484,-38.95840704623812,-119.9,1.51,1.0
BXP,"BXP, Inc.",Real Estate,62.05,11064223744.0,31.180904,17.727,0.603,not applicable,77.31420005485292,24.6,28.077028713568502,116.37654203600944,-7.49123578062951,-54.8,3.86,38.25
CHRW,"C.H. Robinson Worldwide, Inc.",Industrials,184.75,21777043456.0,37.323235,26.191,9.698,safe,184.47574535320808,-0.1,37.066213535721765,68.35392788299963,24.37360684635652,-79.9,-10.0,4.37
CDNS,"Cadence Design Systems, Inc.",Technology,385.075,106209853440.0,89.970795,57.136,16.034,safe,410.10754485599097,6.5,124.06685578844288,218.16536889615543,86.29353843721142,-67.8,14.14,28.98
CPT,Camden Property Trust,Real Estate,113.12,11209127936.0,31.597767,18.994,1.627,not applicable,118.6560171259844,4.9,13.68797287979333,52.68074106246076,-2.021614694167034,-87.9,3.41,23.72
CPB,The Campbell's Company,Consumer Defensive,21.66,6457852928.0,11.771739,7.601,1.666,distress,21.619697442151324,-0.2,24.85302936143217,58.390740235249424,11.355564446246603,14.7,6.19,8.26
COF,Capital One Financial Corporation,Financial Services,180.72,112460759040.0,55.77778,11.172,,not applicable,,,898.1880899608485,1527.0072731179912,645.8943453209158,397.0,15.98,40.0
CAH,"Cardinal Health, Inc.",Healthcare,206.78,48429084672.0,31.521341,13.117,5.349,safe,203.5040231082182,-1.6,184.41783208728583,329.23930618652605,126.15198817771856,-10.8,7.07,1.24
CCL,Carnival Corporation Ltd.,Consumer Cyclical,27.29,37800460288.0,12.022027,8.791,1.285,distress,31.069634896882487,13.8,-11.273988441713866,-4.379917730884926,-14.031446790074488,-141.3,29.81,1.0
CARR,Carrier Global Corporation,Industrials,66.85,55524298752.0,44.566666,21.802,2.738,grey,69.24642949837502,3.6,21.66502269216838,46.51925272631364,11.668525300699288,-67.6,7.95,7.41
CVNA,Carvana Co.,Consumer Cyclical,65.41,71744028672.0,37.80925,21.794,6.85,safe,,,2.858540476251312,7.6918285886610835,0.9184413383382738,-95.6,14.31,1.0
CASY,"Casey's General Stores, Inc.",Consumer Cyclical,766.09,28396607488.0,43.927177,22.007,6.592,safe,762.3329179364285,-0.5,169.08732222687067,334.5274677340514,102.5281959740972,-77.9,7.16,3.1
CAT,Caterpillar Inc.,Industrials,910.11,419189358592.0,45.211624,32.491,5.499,safe,804.025485054958,-11.7,188.13887266981976,378.7893083765367,111.3580808137204,-79.3,4.38,11.98
CBOE,"Cboe Global Markets, Inc.",Financial Services,284.34,29757255680.0,24.302565,16.468,6.172,not applicable,288.89297594819885,1.6,199.61932181129896,335.7476630680269,144.8296799199031,-29.8,6.0,25.83
CBRE,"CBRE Group, Inc.",Real Estate,131.82,38599081984.0,30.164762,21.84,3.09,not applicable,114.0967824229652,-13.4,48.99198296414016,105.5781173177957,26.245157119841448,-62.8,9.57,2.96
CDW,CDW Corporation,Technology,133.7636,17088760832.0,16.292765,11.796,2.518,grey,127.92849977884354,-4.4,72.43728266899639,150.13143672657964,41.06228946829575,-45.8,-1.89,5.56
COR,"Cencora, Inc.",Healthcare,276.98,53889523712.0,21.20827,12.395,4.871,safe,271.14739905302736,-2.1,286.5507217059461,538.8893706690806,185.14261485892132,3.5,10.43,1.06
CNC,Centene Corporation,Healthcare,62.43,30827747328.0,26.364431,8.155,2.605,grey,115.4383427359826,84.9,218.2064284725589,363.55892040785847,159.79352513499595,249.5,10.45,2.57
CNP,"CenterPoint Energy, Inc.",Utilities,42.895,28060600320.0,26.31595,13.883,0.878,distress,46.63702598904492,8.7,-34.047152246947434,-32.78603601960966,-34.55594563540808,-179.4,0.13,1.0
CF,"CF Industries Holdings, Inc.",Basic Materials,114.765,17631264768.0,10.329884,6.56,3.324,safe,134.98059709635808,17.6,85.55048319712564,145.91837224611535,61.06081086563654,-25.5,-10.0,25.2
CRL,"Charles River Laboratories International, Inc.",Healthcare,183.825,8854432768.0,26.364431,13.342,2.249,grey,209.27551786227,13.8,53.949491015530185,131.0811184943416,22.833761801805675,-70.7,0.33,10.39
SCHW,The Charles Schwab Corporation,Financial Services,88.26,153496109056.0,17.546719,11.172,,not applicable,,,104.74673950625642,162.86298555234066,81.34560769585403,18.7,4.83,38.15
CHTR,"Charter Communications, Inc.",Communication Services,130.06,20377587712.0,3.5189395,5.318,0.601,distress,239.14315043546085,83.9,-296.4086141021148,-34.26392878717569,-402.1543341055861,-327.9,0.46,7.54
CVX,Chevron Corporation,Energy,188.39,375197073408.0,32.82056,11.033,3.401,safe,189.70218464980655,0.7,70.01973819639682,127.84663476710683,46.59251052761092,-62.8,-7.85,10.7
CMG,"Chipotle Mexican Grill, Inc.",Consumer Cyclical,29.67,38058717184.0,27.220182,17.588,5.926,safe,28.4900530772553,-4.0,19.6731444710645,36.24248746901533,13.016322138479762,-33.7,11.36,11.91
CB,Chubb Limited,Financial Services,327.575,127053275136.0,11.587372,10.059,,not applicable,,,778.7856765329273,1370.9380973198354,540.899874730581,137.7,11.56,25.46
CHD,"Church & Dwight Co., Inc.",Consumer Defensive,97.63,23132803072.0,32.11513,17.417,4.989,safe,84.43879103348822,-13.5,55.22765117546451,99.20337376458312,37.52072283501618,-43.4,4.89,15.13
CIEN,Ciena Corporation,Technology,500.37,70851166208.0,166.79,97.0,14.353,safe,536.1671842485976,7.2,26.09177940472919,46.54482413944484,17.869763624592764,-94.8,9.5,4.41
CI,The Cigna Group,Healthcare,289.49,76579479552.0,2.5454144,7.284,2.707,grey,279.999921733596,-3.3,609.9405240405572,1118.1010770680468,406.0189100913119,110.7,15.29,2.75
CINF,Cincinnati Financial Corporation,Financial Services,164.925,25511710720.0,9.435069,6.71,,not applicable,,,700.6015404168897,1224.8306526825986,490.69608393337626,324.8,24.39,24.75
CTAS,Cintas Corporation,Industrials,182.42,72992972800.0,38.566597,25.743,12.336,safe,180.4782211015435,-1.1,74.63830705427412,132.67751020254926,51.30760399058151,-59.1,9.6,16.26
CSCO,"Cisco Systems, Inc.",Technology,122.67,483495772160.0,40.89,31.09,4.684,safe,130.15661089183627,6.1,49.45878592651762,86.46432644367961,34.54848696483823,-59.7,3.19,25.14
C,Citigroup Inc.,Financial Services,131.42,224146915328.0,16.22469,11.172,,not applicable,,,143.30073993768232,148.7707872484849,141.09795962416976,9.0,4.59,1.0
CFG,"Citizens Financial Group, Inc.",Financial Services,64.37,27220912128.0,15.253556,11.172,,not applicable,,,88.9273262858809,148.16604874732047,65.03613267347559,38.2,0.93,33.11
CLX,The Clorox Company,Consumer Defensive,94.07,11375071232.0,15.295935,11.218,3.293,safe,90.9182437434064,-3.4,44.172614111391454,92.56487031367458,24.64765660106749,-53.0,-0.01,9.41
CME,CME Group Inc.,Financial Services,257.34,92982796288.0,21.93862,19.617,0.53,not applicable,256.8065546112494,-0.2,133.84038775457896,231.3918382590471,94.62019730245964,-48.0,9.11,40.0
CMS,CMS Energy Corporation,Utilities,72.39,22362691584.0,19.997238,13.599,0.917,distress,71.8500093367335,-0.7,-57.66147434304407,-55.26641600854,-58.62790593820808,-179.7,-0.22,1.0
KO,The Coca-Cola Company,Consumer Defensive,80.16,344887001088.0,25.207548,21.744,5.145,safe,78.06360108825899,-2.6,20.10117410651134,38.97295001233387,12.498857394023153,-74.9,3.69,16.15
CTSH,Cognizant Technology Solutions Corporation,Technology,53.21,25168328704.0,11.542299,6.394,5.522,safe,53.36478146300212,0.3,71.64670929093347,120.37815168222656,52.00869303673224,34.6,2.8,10.87
COHR,Coherent Corp.,Technology,385.1601,75352465408.0,182.54034,63.849,7.776,safe,422.3418441326527,9.7,26.764525657031776,50.429869115220754,17.2805393498575,-93.1,20.55,3.59
COIN,"Coinbase Global, Inc.",Financial Services,148.395,39096262656.0,54.556988,40.669,2.733,not applicable,201.12765873278576,35.5,192.89425532040372,331.40803317193894,137.494060935376,30.0,30.0,13.28
CL,Colgate-Palmolive Company,Consumer Defensive,89.17,71352877056.0,34.562016,15.239,6.823,safe,94.19558275278634,5.6,52.64328661477622,94.88383910431544,35.63112376148775,-41.0,4.29,15.36
CMCSA,Comcast Corporation,Communication Services,23.745,84822573056.0,4.655883,4.771,1.44,distress,23.481951574466716,-1.1,30.014319359009463,66.68744775398676,15.221909688850962,26.4,0.62,11.69
FIX,"Comfort Systems USA, Inc.",Industrials,1847.68,65008717824.0,53.308716,40.268,12.704,safe,1973.9826027008269,6.8,1046.82568469365,1849.5755362798775,725.7565570571445,-43.3,30.0,9.6
CAG,"Conagra Brands, Inc.",Consumer Defensive,13.08,6257957888.0,22.849333,7.716,1.476,distress,12.684400456556514,-3.0,13.350246648486491,32.73172861890649,5.531174908480944,2.1,0.22,9.01
COP,ConocoPhillips,Energy,118.0001,143758819328.0,20.000017,6.948,3.19,safe,120.13064705160288,1.8,54.22502713101774,97.48889178570649,36.68410822375746,-54.0,-9.11,16.39
ED,"Consolidated Edison, Inc.",Utilities,107.22,39513755648.0,18.080946,10.867,1.151,distress,105.42805094096823,-1.7,-66.70895823164712,-62.143162341264095,-68.54906644978806,-162.2,2.59,1.0
STZ,"Constellation Brands, Inc.",Consumer Defensive,141.43,24357734400.0,14.73229,10.38,2.791,grey,137.679812177254,-2.7,53.135689764722784,132.28631942286117,21.18433754439122,-62.4,-1.12,18.0
CEG,Constellation Energy Corporation,Utilities,256.75,91685945344.0,22.30669,14.768,2.283,grey,268.19506785367724,4.5,-50.64137962927418,-43.906902010976665,-53.35678658568756,-119.7,1.47,1.0
COO,"The Cooper Companies, Inc.",Healthcare,66.97,13066811392.0,33.31841,16.261,3.365,safe,,,22.93689602761099,47.496842458718405,13.05668357890474,-65.8,7.35,9.4
CPRT,"Copart, Inc.",Industrials,30.845,28556654592.0,19.158384,12.44,22.136,safe,30.884027320801795,0.1,27.854507213873895,44.559512653216345,21.14005912023982,-9.7,9.9,23.76
GLW,Corning Incorporated,Technology,177.64,152883707904.0,85.40385,45.778,6.571,safe,197.14602356455808,11.0,9.755523661803686,23.04742464993318,4.40011881051372,-94.5,3.27,7.12
CPAY,"Corpay, Inc.",Technology,349.9301,22872104960.0,20.928835,12.4,1.572,distress,417.82309506549217,19.4,360.0913858616877,703.2421211531872,222.1571274011457,2.9,9.73,35.63
CTVA,"Corteva, Inc.",Basic Materials,76.835,51388780544.0,41.532433,12.905,2.376,grey,77.50914491791514,0.9,26.11177832000455,45.20397394930194,18.408286965835657,-66.0,-0.1,8.42
CSGP,"CoStar Group, Inc.",Real Estate,34.13,13937180672.0,487.57144,50.453,4.629,not applicable,33.72762232065247,-1.2,11.30549777744204,19.405413670583957,8.054020419429623,-66.9,14.16,6.02
COST,Costco Wholesale Corporation,Consumer Defensive,984.5068,436607909888.0,49.62232,31.146,10.174,safe,969.9844615978536,-1.5,262.3991469868899,445.352533126573,188.78038002912487,-73.3,6.64,2.44
CRH,CRH plc,Basic Materials,104.95,70127607808.0,19.471243,11.852,2.999,grey,109.3453090173799,4.2,41.94612332568379,89.00751049298785,22.99462660746826,-60.0,4.6,7.67
CRWD,"CrowdStrike Holdings, Inc.",Technology,681.55,173498646528.0,34.961765,3023.736,16.357,safe,717.504251153007,5.3,233.7761250443372,400.3386771764707,167.14512311886875,-65.7,29.01,28.33
CCI,Crown Castle Inc.,Real Estate,93.9157,40989691904.0,39.62688,25.919,0.069,not applicable,93.58986883100036,-0.3,-36.11221780543804,-15.813214707156495,-44.3469919935727,-138.5,-10.0,40.0
CSX,CSX Corporation,Industrials,47.1,87518339072.0,28.895704,15.732,2.715,grey,45.96086293779113,-2.4,7.4101150161552,18.986678594235407,2.735539665738129,-84.3,-1.74,19.01
CMI,Cummins Inc.,Industrials,656.965,90653990912.0,34.110332,19.914,5.246,safe,674.4053571722461,2.7,166.31953887150402,308.665465793159,109.03264738117736,-74.7,6.25,4.93
CVS,CVS Health Corporation,Healthcare,96.115,122635747328.0,42.1557,12.179,2.353,grey,124.6433017864708,29.7,98.79923941446114,205.37094122856416,55.93082885943242,2.8,7.63,2.68
DHR,Danaher Corporation,Healthcare,185.07,130987114496.0,35.935925,18.411,3.888,safe,187.9512711001498,1.6,75.5982594983555,139.13061151675652,49.932498337770525,-59.2,-2.67,23.89
DRI,"Darden Restaurants, Inc.",Consumer Cyclical,198.13,22692820992.0,20.85579,14.972,2.57,grey,195.00398563747365,-1.6,97.63202110246952,215.4717623394515,50.23446886940644,-50.7,7.84,8.77
DDOG,"Datadog, Inc.",Technology,232.19,82650398720.0,595.359,2403.024,18.367,safe,344.23737694120217,48.3,113.50260606299972,191.38741943496544,82.33341451735663,-51.1,26.95,26.19
DVA,DaVita Inc.,Healthcare,192.635,12364276736.0,18.558285,9.559,1.646,distress,220.49963923034977,14.5,166.5531729942078,419.6173521470079,64.68081938600245,-13.5,5.53,10.4
DECK,Deckers Outdoor Corporation,Consumer Cyclical,107.715,14959561728.0,15.344017,10.16,11.746,safe,109.2715235249999,1.4,184.27499430004255,310.28523596331297,133.69941457884292,71.1,14.69,18.47
DE,Deere & Company,Industrials,589.3,159074123776.0,33.42598,23.146,3.202,safe,596.6731216169821,1.3,-38.9679669330978,32.014356471682454,-67.67035417374785,-106.6,-4.5,6.15
DELL,Dell Technologies Inc.,Technology,391.11,254052630528.0,31.213886,21.086,3.058,safe,841.5421571345596,115.2,159.71965850936115,311.84116138645635,98.43518758395412,-59.2,3.53,4.18
DAL,"Delta Air Lines, Inc.",Industrials,79.195,52030668800.0,11.561314,8.785,1.58,distress,79.27205860555816,0.1,30.28339828263501,69.25940076906384,14.606239516594927,-61.8,7.8,3.18
DVN,Devon Energy Corporation,Energy,44.8,51672461312.0,12.479109,5.284,3.298,safe,24.65842243998741,-45.0,12.790169004899331,25.24370419103596,7.756902968706556,-71.5,-3.57,11.43
DXCM,"DexCom, Inc.",Healthcare,73.4751,28352055296.0,31.534378,20.878,6.965,safe,72.6005170971068,-1.2,52.57963982768845,89.19022853512243,37.89484280169749,-28.4,17.01,15.84
FANG,"Diamondback Energy, Inc.",Energy,197.08,55441227776.0,203.17525,7.585,1.535,distress,239.2505092569442,21.4,-35.4846315541763,-25.763408124435983,-39.384950556180485,-118.0,15.99,1.0
DLR,"Digital Realty Trust, Inc.",Real Estate,188.1,67283197952.0,49.8939,29.792,,not applicable,,,72.37623881194301,158.2274432473367,37.8612936641013,-61.5,9.22,36.35
DG,Dollar General Corporation,Consumer Defensive,103.86,22910128128.0,14.69024,11.005,2.473,grey,103.0001795892931,-0.8,29.15356511000557,94.80901990947552,2.7094358750280843,-71.9,4.13,3.17
DLTR,"Dollar Tree, Inc.",Consumer Defensive,109.42,21027743744.0,17.563402,11.468,3.601,safe,137.83663342626758,26.0,109.12054754047428,210.5277711528172,68.3347087375698,-0.3,8.0,7.82
D,"Dominion Energy, Inc.",Utilities,67.475,59345104896.0,19.904129,14.065,0.746,distress,72.0642223061384,6.8,-55.857708726667305,-53.68217347858992,-56.73339347237654,-182.8,5.8,1.0
DPZ,"Domino's Pizza, Inc.",Consumer Cyclical,314.74,10468840448.0,18.119745,14.809,2.943,grey,306.8277169022668,-2.5,90.97330174776516,255.23230535195236,24.781441107105103,-71.1,2.88,10.97
DASH,"DoorDash, Inc.",Consumer Cyclical,156.31,68107190272.0,74.080574,50.009,4.966,safe,169.92148066762158,8.7,155.45257285263588,269.0984870829191,109.978910778583,-0.5,27.73,11.51
DOV,Dover Corporation,Industrials,214.83,28929310720.0,26.820225,16.289,5.527,safe,210.70394380382788,-1.9,76.85756250678469,137.6160786316411,52.3546484538331,-64.2,1.04,10.96
DOW,Dow Inc.,Basic Materials,34.055,24544849920.0,29.881052,15.857,1.522,distress,36.89926854462335,8.4,-7.928316304014654,0.4549497520643766,-11.329187893452914,-123.3,-10.0,2.91
DHI,"D.R. Horton, Inc.",Consumer Cyclical,146.57,41564266496.0,13.775376,10.968,5.99,safe,148.13177837293966,1.1,96.4760176646784,173.50124779139836,65.40915767259017,-34.2,0.76,7.01
DTE,DTE Energy Company,Utilities,146.375,30450145280.0,24.074837,15.909,1.02,distress,143.03576132927637,-2.3,-121.08751095867412,-116.26787467978706,-123.03831159368028,-182.7,-6.31,1.0
DUK,Duke Energy Corporation,Utilities,124.914,97382481920.0,19.188019,11.35,0.712,distress,125.87390065285553,0.8,-107.93634579238142,-103.56215372834178,-109.69832285270869,-186.4,3.87,1.0
DD,"DuPont de Nemours, Inc.",Basic Materials,47.06,19062040576.0,123.84211,14.319,0.536,distress,48.975250583865474,4.1,-4.795105358979412,-3.916803647255721,-5.1514093720424485,-110.2,-10.0,1.0
ETN,Eaton Corporation plc,Industrials,397.485,154343424000.0,38.93095,28.957,5.807,safe,416.3931269636879,4.8,114.03934323749978,234.0451259202096,65.80191153271412,-71.3,9.77,12.19
EBAY,eBay Inc.,Consumer Cyclical,109.85,48773398528.0,25.369514,17.38,6.554,safe,108.9063432072072,-0.9,60.2330847817906,107.28023733372872,41.28482129859927,-45.2,4.26,17.46
SATS,EchoStar Corporation,Communication Services,114.01,33041637376.0,22.744318,40.248,-0.751,distress,228.14398786558695,100.1,-165.99070009324484,-160.19354414424583,-168.33805048371045,-245.6,-6.97,1.0
ECL,Ecolab Inc.,Basic Materials,259.5653,73051414528.0,35.076393,19.885,4.739,safe,258.63150283362023,-0.4,61.34222597340319,125.50559083546132,35.50046808707035,-76.4,4.26,10.42
EIX,Edison International,Utilities,73.655,28341997568.0,8.005979,8.376,0.823,distress,60.177974746229175,-18.3,-102.84696773294436,-97.52724525146982,-104.98978466615684,-239.6,3.9,1.0
EW,Edwards Lifesciences Corporation,Healthcare,85.68,49334542336.0,46.313515,24.892,11.47,safe,82.06161628343175,-4.2,37.68953404301206,60.98418668418783,28.329046939257594,-56.0,10.77,15.18
EA,Electronic Arts Inc.,Communication Services,203.34,50987806720.0,57.767044,33.587,6.409,safe,204.0009317910956,0.3,105.34733915846192,173.89104431211223,77.69779837467158,-48.2,0.47,25.45
ELV,"Elevance Health, Inc.",Healthcare,414.57,90029015040.0,17.581425,9.814,,,,,562.0564902044742,943.1151210994,408.8132778876613,35.6,8.34,3.19
EME,"EMCOR Group, Inc.",Industrials,820.145,36523163648.0,27.558636,20.084,7.471,safe,844.0170250960176,2.9,632.4290902427499,1086.9544190943077,450.032333456331,-22.9,15.32,6.68
EMR,Emerson Electric Co.,Industrials,138.2,77405814784.0,31.990738,15.634,4.161,safe,142.5287710623103,3.1,58.55909425240342,115.79506090838584,35.54888344096462,-57.6,9.28,13.07
ETR,Entergy Corporation,Utilities,111.46,51036065792.0,28.433672,14.722,1.122,distress,114.00506951884556,2.3,-63.23544047149748,-60.99711134994452,-64.13939296534444,-156.7,-2.02,1.0
EOG,"EOG Resources, Inc.",Energy,139.24,74163200000.0,13.691249,6.316,3.774,safe,140.527426272115,0.9,69.18447552429906,118.66091271527064,49.13215026543949,-50.3,-8.51,20.72
EQT,EQT Corporation,Energy,54.19,33894651904.0,10.282732,5.725,2.028,grey,60.99898192422435,12.6,14.294356042351806,29.006618410858657,8.325976323669886,-73.6,-10.0,21.21
EFX,Equifax Inc.,Industrials,171.325,20667721728.0,30.162853,13.286,3.245,safe,203.6001052771176,18.8,53.007194708104855,120.23118047821843,25.94905592136555,-69.1,5.85,11.34
EQIX,"Equinix, Inc.",Real Estate,1088.025,107305648128.0,75.088,30.222,2.708,not applicable,1088.0968576409325,0.0,-169.15277132466787,-131.1619166613392,-184.43122118102085,-115.5,8.27,3.13
EQR,Equity Residential,Real Estate,68.69,26540169216.0,27.476002,18.188,2.121,not applicable,68.98905013337385,0.4,28.158518713388737,63.64428022150896,13.866258659621788,-59.0,4.19,40.0
ERIE,Erie Indemnity Company,Financial Services,226.55,11846269952.0,20.765354,13.598,,not applicable,,,235.6520399187208,402.4925929249035,168.66236964906895,4.0,13.32,11.39
ESS,"Essex Property Trust, Inc.",Real Estate,287.725,19831789568.0,32.401463,19.785,1.863,not applicable,289.15476451703245,0.5,86.22042615085937,220.5692656134836,32.13724995433204,-70.0,5.51,40.0
EL,The Estée Lauder Companies Inc.,Consumer Defensive,83.29,30133899264.0,22.849333,15.39,2.681,grey,124.85766980985872,49.9,-3.746002512357261,9.971313621647102,-9.300033125722257,-104.5,-6.87,3.85
EG,"Everest Group, Ltd.",Financial Services,333.85,13210979328.0,6.7980046,11.172,,not applicable,,,2626.7367197713475,4522.707435351251,1865.3606500362016,686.8,12.84,27.29
EVRG,"Evergy, Inc.",Utilities,83.63,19277803520.0,22.24202,12.481,0.868,distress,81.14708027453112,-3.0,-65.36528428750108,-63.03357978441185,-66.30581412886004,-178.2,0.58,1.0
ES,Eversource Energy,Utilities,71.4,26852114432.0,15.28908,11.535,0.765,distress,70.57188060971863,-1.2,-74.58593609953745,-70.87753615139364,-76.08006139710557,-204.5,3.3,1.0
EXC,Exelon Corporation,Utilities,45.96,47026642944.0,16.835165,11.661,0.77,distress,53.00535804375959,15.3,-45.01677259070504,-41.924830574359945,-46.26020190767181,-197.9,8.34,1.0
EXE,Expand Energy Corporation,Energy,93.04,22257852416.0,6.9226193,3.392,2.367,grey,93.5141316505686,0.5,61.94222023825272,112.59059009946192,41.52600063592394,-33.4,2.13,10.22
EXPE,"Expedia Group, Inc.",Consumer Cyclical,227.93,27356631040.0,20.15296,10.567,1.503,distress,248.8986602939555,9.2,456.7387698093388,773.1871258877271,329.46773836143615,100.4,8.09,19.07
EXPD,"Expeditors International of Washington, Inc.",Industrials,160.77,21027291136.0,25.930647,17.752,9.11,safe,160.11292826708674,-0.4,71.90267762616831,113.58146793037425,54.99468342921155,-55.3,-10.0,9.48
EXR,Extra Space Storage Inc.,Real Estate,146.625,32359245824.0,32.94944,19.913,1.551,not applicable,150.83706167050212,2.9,126.44580825580748,268.8215385363365,69.38921953709732,-13.8,20.63,40.0
XOM,Exxon Mobil Corporation,Energy,150.78,624975151104.0,25.383839,12.071,4.624,safe,153.93936612791978,2.1,67.38800962881555,117.13560173865906,47.247738438838994,-55.3,-6.69,10.25
FFIV,"F5, Inc.",Technology,397.51,22427215872.0,32.636288,24.221,6.82,safe,407.3902907637176,2.5,221.4198977537955,360.852743826954,165.27140202125722,-44.3,4.63,23.22
FDS,FactSet Research Systems Inc.,Financial Services,256.58,9347497984.0,16.52157,11.601,4.616,not applicable,255.88816420639412,-0.3,280.18289591656657,502.9397423170295,190.5900520838877,9.2,7.98,27.24
FICO,Fair Isaac Corporation,Technology,1149.3582,26654656512.0,36.48756,26.22,10.606,safe,1170.7817455687157,1.9,521.2221519854619,1005.0937885517992,326.9243318600118,-54.7,13.07,34.94
FAST,Fastenal Company,Industrials,47.17,54152810496.0,41.743362,28.741,33.772,safe,47.102997248966425,-0.1,15.520211002663766,26.448226784732668,11.121061016410511,-67.1,5.52,13.37
FRT,Federal Realty Investment Trust,Real Estate,123.465,10731379712.0,21.397747,18.734,1.321,not applicable,124.1502073459486,0.6,-3.7668493727326,32.61762436655618,-18.41113696977933,-103.1,5.98,21.02
FDX,FedEx Corporation,Industrials,333.28,79522856960.0,17.793915,9.694,2.787,grey,328.86272977115533,-1.3,2.2829373319085704,98.59628787818832,-36.61357218471734,-99.3,-2.03,3.3
FDXF,"FedEx Freight Holding Company, Inc.",Industrials,169.76,25278308352.0,37.22807,3.393,9.213,safe,,,34.525060067383606,79.88330414910446,16.167739187431742,-79.7,-6.12,11.87
FIS,"Fidelity National Information Services, Inc.",Technology,41.2,21295421440.0,7.9844966,12.646,0.087,distress,41.40425571934125,0.5,15.755408280236448,53.859870588457454,0.4022523638228079,-61.8,3.18,18.02
FITB,Fifth Third Bancorp,Financial Services,52.2,47309463552.0,17.575758,11.172,,not applicable,,,41.02387561910585,80.28635542258941,25.202167501670505,-21.4,2.87,40.0
FSLR,"First Solar, Inc.",Technology,279.25,30006349824.0,18.016129,14.082,6.622,safe,314.2642952180101,12.5,34.82369062509,48.17143687002757,29.48077187911355,-87.5,25.84,1.0
FE,FirstEnergy Corp.,Utilities,46.71,27018518528.0,25.385868,10.805,0.765,distress,47.8456858553656,2.4,-43.95237195978431,-40.813428596671365,-45.21547488893373,-194.1,6.59,1.0
FISV,"Fiserv, Inc.",,54.475,29049010176.0,9.23305,,1.044,distress,,,137.58952970682128,234.01776259093396,98.78025891110428,152.6,6.11,20.62
F,Ford Motor Company,Consumer Cyclical,14.735,58714447872.0,24.37097,26.245,0.821,distress,15.557608573954186,5.6,-7.260989030340331,12.284469481940263,-15.128273078931976,-149.3,5.82,3.52
FTNT,"Fortinet, Inc.",Technology,144.93,106182721536.0,56.392994,45.282,8.409,safe,150.14965660383194,3.6,77.6063087558801,131.5007211602834,55.979830099439056,-46.5,15.46,32.43
FTV,Fortive Corporation,Technology,61.24,18669688832.0,36.02353,18.463,3.269,safe,60.29051513279554,-1.6,22.816649902730745,43.85773623940544,14.280831970359973,-62.7,-10.0,29.69
FOXA,Fox Corporation,Communication Services,66.369,27887345664.0,17.465527,8.933,3.291,safe,138.51859157172296,108.7,145.6022840844506,261.1119788773311,99.09868935954356,119.4,5.27,12.5
FOX,Fox Corporation,Communication Services,59.695,25083021312.0,15.70921,8.127,3.136,safe,,,131.60056484192225,236.00236852959196,89.56894856983132,120.5,5.27,12.5
BEN,"Franklin Resources, Inc.",Financial Services,31.51,16373767168.0,24.053436,11.172,1.527,not applicable,36.797863844849495,16.8,30.583854839954405,52.68343545946748,21.674935886286427,-2.9,1.96,13.57
FCX,Freeport-McMoRan Inc.,Basic Materials,63.2,90839400448.0,33.43386,12.149,3.019,safe,67.92655373972896,7.5,11.454243070269689,22.63216214530157,6.952566140384604,-81.9,4.39,5.72
GRMN,Garmin Ltd.,Technology,238.38,45973065728.0,26.634638,20.392,16.272,safe,192.54898120312495,-19.2,171.66524886281775,286.9562968897712,125.38598027084046,-28.0,14.24,18.07
IT,"Gartner, Inc.",Technology,163.095,10919518208.0,16.116108,9.519,3.254,safe,202.67861634195265,24.3,281.58756875844904,496.3435654229404,195.1473106559743,72.7,5.87,19.03
GE,GE Aerospace,Industrials,327.93,342630989824.0,40.6861,31.968,3.451,safe,328.8540794616613,0.3,144.82263262716873,258.3250134533788,99.28750452355156,-55.8,16.32,13.91
GEHC,GE HealthCare Technologies Inc.,Healthcare,64.28,29240442880.0,15.414867,10.668,1.833,grey,64.4089796248816,0.2,40.474304428579366,81.20633136433864,24.06774225343758,-37.0,3.99,8.44
GEV,GE Vernova Inc.,Industrials,930.37,250009026560.0,27.2038,74.375,3.777,safe,966.2394397112132,3.9,113.85403819416464,178.7418589153656,87.76236424978644,-87.8,8.68,3.46
GEN,Gen Digital Inc.,Technology,26.6,16024740864.0,16.942675,9.977,1.401,distress,36.22042119830802,36.2,54.81441107313029,104.1656896694202,35.00656124657774,106.1,14.66,34.38
GNRC,Generac Holdings Inc.,Industrials,258.275,15204307968.0,80.71094,33.179,5.067,safe,279.4133664384293,8.2,41.66678481380639,82.19407167191117,25.294590906347736,-83.9,-2.67,7.4
GD,General Dynamics Corporation,Industrials,347.04,93850091520.0,21.853905,15.167,4.272,safe,340.6099256515324,-1.9,284.76535655826103,504.3515076719332,196.5092561891072,-17.9,10.07,8.01
GIS,"General Mills, Inc.",Consumer Defensive,33.375,17811609600.0,8.160147,5.975,2.175,grey,39.94369597619978,19.7,61.213247548481526,102.4019389405327,44.60118002310647,83.4,0.86,12.34
GM,General Motors Company,Consumer Cyclical,81.95,73891463168.0,29.908758,9.92,1.227,distress,86.2963435912595,5.3,-81.90399570256841,-58.24302443273795,-91.42828164279628,-199.9,5.69,1.0
GPC,Genuine Parts Company,Consumer Cyclical,97.92,13622837248.0,222.54546,9.734,2.074,grey,99.3078499478418,1.4,44.958097569244295,107.1672144337572,19.89303833129676,-54.1,3.22,3.44
GILD,"Gilead Sciences, Inc.",Healthcare,130.95,162583576576.0,17.816326,11.715,4.247,safe,128.78831417908583,-1.7,97.89356878497055,172.0836671858695,67.9932885151118,-25.2,2.57,31.48
GPN,Global Payments Inc.,Industrials,66.16,18097639424.0,24.32353,9.478,0.923,distress,71.26605538474726,7.7,9.05805560509707,57.49121857273515,-10.531142449868474,-86.3,-4.96,25.26
GL,Globe Life Inc.,Financial Services,158.66,12319118336.0,10.987535,9.036,,not applicable,,,259.2602844573261,464.92085084224175,176.443735183677,63.4,4.67,24.23
GDDY,GoDaddy Inc.,Technology,84.475,11185321984.0,13.38748,10.498,1.306,distress,84.91400854801985,0.5,148.24072604892237,265.8187894272383,100.92709740245913,75.5,6.56,26.17
GS,"The Goldman Sachs Group, Inc.",Financial Services,1045.275,308363886592.0,19.095268,11.172,,not applicable,,,1060.1531827529575,1084.556731947328,1050.3352374073509,1.4,7.16,1.0
HAL,Halliburton Company,Energy,39.495,32994033664.0,21.820442,9.837,3.652,safe,41.29467736227463,4.6,25.1608273113997,47.52824911584485,16.147854777840713,-36.3,3.01,8.3
HIG,"The Hartford Insurance Group, Inc.",Financial Services,131.855,36145516544.0,9.279029,6.379,,not applicable,,,365.40241563460944,624.6058855701062,261.1763110113196,177.1,8.7,19.09
HAS,"Hasbro, Inc.",Consumer Cyclical,84.71,11985676288.0,24.37097,11.412,2.892,grey,85.02625877326263,0.4,16.857337069622123,39.22383332237689,7.800314279722191,-80.1,-7.06,11.05
HCA,"HCA Healthcare, Inc.",Healthcare,371.465,82405720064.0,12.80031,8.504,2.55,grey,618.6253724354241,66.5,275.97161673825406,626.4417952674166,135.00682584998228,-25.7,7.87,8.06
DOC,"Healthpeak Properties, Inc.",Real Estate,19.815,13660852224.0,61.92188,15.729,,not applicable,,,19.85840051345963,44.00897260544491,10.1548188417835,0.2,11.05,40.0
HSIC,"Henry Schein, Inc.",Healthcare,77.49,8827409408.0,23.410875,13.224,2.763,grey,90.02225595309038,16.2,29.704791392928843,71.66381810333857,12.78597149125146,-61.7,1.4,3.86
HSY,The Hershey Company,Consumer Defensive,186.95,37921566720.0,34.81378,18.518,4.328,safe,274.8714985613762,47.0,158.91771280719126,291.50434621850883,105.51127921120904,-15.0,3.92,15.85
HPE,Hewlett Packard Enterprise Company,Technology,49.13,65058119680.0,45.915886,15.48,1.299,distress,53.00775417587792,7.9,8.820000330371613,23.49438411275199,2.9145849375723305,-82.0,6.37,4.76
HLT,Hilton Worldwide Holdings Inc.,Consumer Cyclical,342.58,77987774464.0,52.22256,29.807,2.713,grey,338.3708308179775,-1.2,127.90282492111592,258.9756395335669,75.23970582887672,-62.7,11.13,16.75
HD,"The Home Depot, Inc.",Consumer Cyclical,310.8,309903851520.0,22.089552,14.88,5.542,safe,309.0694962337417,-0.6,148.46354143339622,292.5943998794906,90.34980669794302,-52.2,1.52,9.24
HON,Honeywell International Inc.,Industrials,214.825,136124530688.0,34.26236,19.276,3.291,safe,176.64734641036304,-17.8,76.07571974904573,155.60594673820606,44.01320114308781,-64.6,1.82,14.04
HRL,Hormel Foods Corporation,Consumer Defensive,23.685,13034209280.0,27.864704,9.985,3.49,safe,23.266966202894004,-1.8,18.443880415624136,30.472788247154085,13.588453880909908,-22.1,-0.95,6.55
HST,"Host Hotels & Resorts, Inc.",Real Estate,24.705,17139495936.0,16.806122,12.507,2.268,not applicable,24.723302207765283,0.1,19.93272245700492,38.06658698832127,12.638321144814554,-19.3,7.61,16.11
HWM,Howmet Aerospace Inc.,Industrials,252.065,100853096448.0,58.48376,39.895,12.474,safe,250.72989483678316,-0.5,52.55589489137597,94.9534792007609,35.532732620956175,-79.1,13.37,12.57
HPQ,HP Inc.,Technology,25.345,23178577920.0,9.387036,6.624,1.696,distress,26.29921480898413,3.8,28.482190639313977,52.42155098702164,18.803565474322653,12.4,-4.21,5.6
HUBB,Hubbell Incorporated,Industrials,477.46,25229834240.0,28.185358,19.005,5.532,safe,485.8094821451595,1.7,194.59470130145468,360.10786000268456,127.9710130766784,-59.2,5.71,12.96
HUM,Humana Inc.,Healthcare,344.985,41419415552.0,36.818035,10.253,,,,,568.3963241528695,931.5997208006266,422.4955652457859,64.8,11.77,2.21
HBAN,Huntington Bancshares Incorporated,Financial Services,16.5903,33630703616.0,12.761769,11.172,,not applicable,,,19.12270190321673,33.65422041706869,13.269254227051864,15.3,3.88,34.23
HII,"Huntington Ingalls Industries, Inc.",Industrials,294.22,11593453568.0,19.105196,12.628,2.783,grey,294.6735518847578,0.2,150.27856867918862,303.304290282624,88.67324052519973,-48.9,5.35,4.25
IBM,International Business Machines Corporation,Technology,283.7,266645471232.0,25.128433,20.572,3.484,safe,299.7406440241303,5.7,127.08306576666546,257.7872030998091,74.43074813769188,-55.2,3.72,17.32
IEX,IDEX Corporation,Industrials,216.285,16008346624.0,31.947563,18.201,5.247,safe,216.1599021777354,-0.1,102.94549465318008,186.07655003057877,69.44502866266477,-52.4,2.81,17.7
IDXX,"IDEXX Laboratories, Inc.",Healthcare,562.92,44404817920.0,41.360764,29.403,20.7,safe,566.8528952063016,0.7,184.01164806313585,322.5951511963843,128.28360326639535,-67.3,8.52,19.31
ITW,Illinois Tool Works Inc.,Industrials,253.45,72917565440.0,23.53296,17.041,7.954,safe,254.9607207507821,0.6,91.35297229608618,172.97832707955232,58.42303124604119,-64.0,0.23,16.51
INCY,Incyte Corporation,Healthcare,104.4925,20875737088.0,14.758828,10.491,9.205,safe,101.51539943094517,-2.8,127.5045938606746,205.81290524274712,96.07601087999838,22.0,14.84,17.46
IR,Ingersoll Rand Inc.,Industrials,72.0,28176252928.0,48.648647,15.78,3.092,safe,71.35028823788154,-0.9,50.29891884247611,92.66879080035548,33.26333335458443,-30.1,8.95,16.16
PODD,Insulet Corporation,Healthcare,153.04,10600264704.0,35.840748,17.732,5.709,safe,146.44972390976676,-4.3,92.5504608298988,168.47461882540404,62.16948015977121,-39.5,27.54,6.61
INTC,Intel Corporation,Technology,101.67,510993399808.0,34.961765,41.459,4.406,safe,114.35902828491842,12.5,-1.3807324610765173,-0.6927432198419969,-1.6591106325749672,-101.4,-5.71,1.0
IBKR,"Interactive Brokers Group, Inc.",Financial Services,83.81,142160379904.0,35.969955,11.172,0.79,not applicable,,,596.2693698042914,892.8726716965232,477.63943396005294,611.5,30.0,40.0
ICE,"Intercontinental Exchange, Inc.",Financial Services,140.8602,79658205184.0,20.473866,15.179,0.865,not applicable,143.30629349577856,1.7,100.36589183960012,197.15461495725563,61.45690851294972,-28.7,9.47,31.53
IFF,International Flavors & Fragrances Inc.,Basic Materials,73.175,18681831424.0,22.6548,13.111,1.277,distress,73.59865635670377,0.6,-6.0720182883297005,5.165497833896523,-10.615627568383928,-108.3,-4.34,3.75
IP,International Paper Company,Consumer Cyclical,33.68,17834131456.0,24.37097,6.604,1.109,distress,34.181030381851365,1.5,8.145309623842012,24.92913442396186,1.3842757906713954,-75.8,3.75,3.57
INTU,Intuit Inc.,Technology,296.4,81076363264.0,18.073172,12.905,4.707,safe,302.00874523007855,1.9,488.33268331792505,842.8452108429334,346.01542918007965,64.8,13.95,30.71
ISRG,"Intuitive Surgical, Inc.",Healthcare,424.77,150437756928.0,51.48727,37.043,37.789,safe,418.80496560957687,-1.4,137.3874183042231,228.930045449892,100.67252030380368,-67.7,17.39,16.57
IVZ,Invesco Ltd.,Financial Services,27.43,12159627264.0,16.319958999999997,12.93,1.466,not applicable,35.99502118478776,31.2,32.225797335254235,56.086923331865904,22.606021064800245,17.5,1.78,17.35
INVH,Invitation Homes Inc.,Real Estate,30.11,17886605312.0,31.694738,17.602,1.385,not applicable,29.607900516710306,-1.7,13.35991148932577,33.08128824950688,5.424770957245574,-55.6,6.84,35.27
IQV,IQVIA Holdings Inc.,Healthcare,183.6,30642841600.0,22.807453,15.139,1.863,grey,149.338227345716,-18.7,94.5529671307411,218.8742089626788,44.48170079485304,-48.5,4.21,11.83
IRM,Iron Mountain Incorporated,Real Estate,126.0,37488107520.0,136.95651,23.904,1.144,not applicable,130.74491443619092,3.8,-60.74276897960412,-57.3920522074175,-62.08926715779351,-148.2,10.58,1.0
JBHT,"J.B. Hunt Transport Services, Inc.",Industrials,288.175,27174670336.0,44.81726,17.585,6.958,safe,283.6379371732336,-1.6,25.02270811783954,51.932593039215966,14.127668484884902,-91.3,-6.78,3.42
JBL,Jabil Inc.,Technology,355.205,37475057664.0,48.00067,17.691,3.749,safe,372.7142487131742,4.9,52.34899684917535,103.29583915297992,31.75567530373304,-85.3,-3.8,2.5
JKHY,"Jack Henry & Associates, Inc.",Technology,130.265,9255430144.0,18.193436,13.146,9.163,safe,130.54261338158426,0.2,81.02844477290418,139.19170866432404,57.62649096801224,-37.8,6.93,14.24
J,Jacobs Solutions Inc.,Industrials,123.5048,14583555072.0,36.432095,17.335,2.999,grey,93.28032674960016,-24.5,82.0154848598775,158.78662227000103,51.12893387312696,-33.6,7.13,6.11
JNJ,Johnson & Johnson,Healthcare,234.665,564889518080.0,27.223318,16.961,,,,,120.01864021585632,213.48115535028103,82.39582261614308,-48.9,5.6,20.8
JCI,Johnson Controls International plc,Industrials,143.7,87673610240.0,43.944954,22.866,2.916,grey,146.89900388598977,2.2,25.546412930229348,53.3682541772133,14.342501661958076,-82.2,4.57,6.58
JPM,JPMorgan Chase & Co.,Financial Services,313.45,839892860928.0,15.004788,11.172,,not applicable,,,112.26196921505904,122.93758920077892,107.97446419256713,-64.2,12.5,1.0
KVUE,Kenvue Inc.,Consumer Defensive,17.7294,34040602624.0,21.10643,11.567,2.091,grey,16.97779095234793,-4.2,9.40698871852288,18.530667402606007,5.726493363697793,-46.9,0.39,12.97
KDP,Keurig Dr Pepper Inc.,Consumer Defensive,30.8466,41968631808.0,22.849333,17.386,1.428,distress,36.0378033456797,16.8,0.8592543931946283,15.850450610093766,-5.175129783669238,-97.2,5.71,10.64
KEY,KeyCorp,Financial Services,21.88,23722856448.0,13.423312,11.172,,not applicable,,,19.919691301507115,43.19445825597593,10.534048363916618,-9.0,1.21,37.24
KEYS,"Keysight Technologies, Inc.",Technology,331.78,56647618560.0,53.42673,38.777,8.295,safe,347.6183106803185,4.8,80.11451003729115,135.69051225396976,57.68842879244906,-75.9,-0.28,20.43
KMB,Kimberly-Clark Corporation,Consumer Defensive,99.26,32948400128.0,19.199226,11.352,3.351,safe,94.549617900182,-4.7,40.33435743204948,79.27576346871254,24.56991926579211,-59.4,-6.58,12.58
KIM,Kimco Realty Corporation,Real Estate,24.29,16380928000.0,27.91954,18.669,1.329,not applicable,24.267016236212545,-0.1,10.409779294985672,26.26299669933403,4.032307285551104,-57.1,7.4,40.0
KMI,"Kinder Morgan, Inc.",Energy,31.855,70871826432.0,21.379194,13.973,1.289,distress,32.203461880363335,1.1,2.3199689346801216,13.378857598272798,-2.150842583940131,-92.7,-4.09,20.41
KKR,KKR & Co. Inc.,Financial Services,93.28,86978142208.0,31.72789,11.172,0.892,not applicable,,,-2.600530568508474,4.312516790368811,-5.3654841595166,-102.8,30.0,1.0
KLAC,KLA Corporation,Technology,1978.0,258381234176.0,55.90729,47.788,16.143,safe,2130.1035977556367,7.7,561.457191652957,968.0544788649976,398.0171520975754,-71.6,9.69,31.5
KHC,The Kraft Heinz Company,Consumer Defensive,22.575,26768930816.0,22.849333,7.604,0.466,distress,22.4342520718037,-0.6,12.64391910387452,30.725492401072252,5.341788818975475,-44.0,-1.98,10.84
KR,The Kroger Co.,Consumer Defensive,63.96,39435223040.0,41.532467,8.775,4.337,safe,80.83714699826697,26.4,14.809659469512152,48.29339153601745,1.2991241756337213,-76.8,-0.14,1.61
LHX,"L3Harris Technologies, Inc.",Industrials,308.9538,57556529152.0,33.581936,35.209,2.299,grey,,,192.42686798287215,355.26806077237865,126.9463213518008,-37.7,8.62,10.5
LH,Labcorp Holdings Inc.,Healthcare,266.1,21820200960.0,23.548674,12.308,3.086,safe,261.8906224390244,-1.6,181.9054664978758,362.8422162324291,109.06909579416065,-31.6,5.55,9.28
LRCX,Lam Research Corporation,Technology,309.935,387595730944.0,58.699806,53.479,24.564,safe,337.7464709224826,9.0,53.18581875003468,89.15649801842508,38.68709517292099,-82.8,2.29,24.89
LVS,Las Vegas Sands Corp.,Consumer Cyclical,50.6,33529446400.0,18.671585,9.622,2.392,grey,55.63565407668517,10.0,-0.6270670231577217,13.213384624981918,-6.162716426247157,-101.2,30.0,2.18
LDOS,"Leidos Holdings, Inc.",Technology,125.255,15755257856.0,11.470238,9.238,3.568,safe,124.69875551440896,-0.4,117.19552977410434,235.4419189140457,69.60418011701502,-6.4,6.06,7.38
LEN,Lennar Corporation,Consumer Cyclical,91.555,22549841920.0,13.173382,7.78,3.855,safe,106.04596161429484,15.8,177.47320968467682,287.15940805419086,133.22814724843428,93.8,0.51,7.69
LII,Lennox International Inc.,Industrials,507.355,17655939072.0,22.569174,17.277,7.648,safe,517.0478372853676,1.9,172.72347596695562,329.79017385883736,109.4398154835388,-66.0,3.26,10.24
LLY,Eli Lilly and Company,Healthcare,1143.515,1019719647232.0,40.651085,28.76,9.155,safe,1123.8508376990178,-1.7,88.64335062546985,188.7378496640201,48.6093930681842,-92.2,30.0,4.24
LIN,Linde plc,Basic Materials,510.32,235945082880.0,33.863304,19.031,4.004,safe,511.271087598628,0.2,107.2150866388896,213.0382042675692,64.53037383776702,-79.0,0.62,15.94
LYV,"Live Nation Entertainment, Inc.",Communication Services,160.36,37317824512.0,22.744318,27.145,2.307,grey,167.67861903461528,4.6,113.24722714403762,200.34190138753797,78.29135856788383,-29.4,14.74,4.63
LMT,Lockheed Martin Corporation,Industrials,523.54,120709267456.0,25.340754,17.32,3.376,safe,518.461702073989,-1.0,364.9592832292373,675.146084622301,240.0375539872908,-30.3,4.38,8.79
L,Loews Corporation,Financial Services,107.705,22162337792.0,13.702927,7.833,,not applicable,,,272.6228688028324,474.6576521856949,191.391435095782,153.1,8.96,17.04
LOW,"Lowe's Companies, Inc.",Consumer Cyclical,211.12,118376472576.0,17.846153,12.553,3.121,safe,208.16744741395175,-1.4,60.58111328008737,149.8586079266255,24.493283381110118,-71.3,-3.85,8.05
LULU,lululemon athletica inc.,Consumer Cyclical,114.9892,13747062784.0,8.67843,5.77,5.633,safe,,,226.08214975392352,392.2137204852141,159.33104046147483,96.6,11.03,11.1
LITE,Lumentum Holdings Inc.,Technology,875.185,68089393152.0,154.3536,133.458,13.811,safe,869.6667475578406,-0.6,4.480148314516961,8.712728950393663,2.771376367941419,-99.5,-1.33,2.44
LYB,LyondellBasell Industries N.V.,Basic Materials,64.67,20871264256.0,29.881052,14.941,1.824,grey,65.8551832245197,1.8,13.474221228435471,44.7928024994032,0.7690926361355214,-79.2,-10.0,6.45
MTB,M&T Bank Corporation,Financial Services,224.48,32873986048.0,12.611237,11.172,,not applicable,,,425.6676992548772,737.6912004871112,300.0980078570608,89.6,6.33,39.92
MPC,Marathon Petroleum Corporation,Energy,265.9,77625950208.0,17.493422,11.387,3.464,safe,290.4348267767079,9.2,123.79102212911002,272.186441632506,63.620684391317226,-53.4,-9.23,6.03
MAR,"Marriott International, Inc.",Consumer Cyclical,392.05,103379124224.0,41.00941,25.037,3.472,safe,378.979673886044,-3.3,112.4416918965456,237.44268808238047,62.16697356331799,-71.3,8.02,9.79
MRSH,"Marsh & McLennan Companies, Inc.",Financial Services,165.945,79951388672.0,20.743126,12.942,2.645,not applicable,162.21201714379882,-2.2,133.5332902663814,259.24871009554084,82.99133684081629,-19.5,9.2,16.55
MLM,"Martin Marietta Materials, Inc.",Basic Materials,577.865,34698424320.0,36.184406,19.097,3.622,safe,584.0588472485216,1.1,74.35720541093761,185.82317174786044,29.38280002361072,-87.1,-0.06,12.46
MAS,Masco Corporation,Industrials,69.78,14077028352.0,17.272278,11.938,4.016,safe,71.1993054909113,2.0,30.07388995913178,59.36451601242834,18.22999550189014,-56.9,-4.49,11.21
MA,Mastercard Incorporated,Financial Services,492.095,434807209984.0,28.4448,20.415,9.64,not applicable,485.1374633679615,-1.4,331.7329364629471,581.099432086282,231.62224043338364,-32.6,13.82,40.0
MKC,"McCormick & Company, Incorporated",Consumer Defensive,47.695,12822476800.0,7.8188524,13.15,2.172,grey,51.15987652012859,7.3,21.271677528717586,48.74859476312472,10.197558845854529,-55.4,2.51,10.3
MCD,McDonald's Corporation,Consumer Cyclical,280.075,198994935808.0,23.070429,16.645,4.75,safe,272.3709073650299,-2.8,83.31617446391154,194.11394349644303,38.7061608375676,-70.3,5.06,26.15
MCK,McKesson Corporation,Healthcare,779.12,93653377024.0,20.300156,14.111,6.071,safe,766.5041563699046,-1.6,1028.5986199438062,1801.9907616640185,718.0737752828503,32.0,13.39,1.41
MDT,Medtronic plc,Healthcare,81.73,104931917824.0,21.91153,12.408,2.699,grey,,,44.327650091400415,85.21777936047629,27.843446631238383,-45.8,1.91,16.27
MRK,"Merck & Co., Inc.",Healthcare,121.98,301269188608.0,34.360565,11.535,4.049,safe,120.38207570152308,-1.3,67.32735682679119,125.91310048392732,43.72127691154707,-44.8,3.12,21.81
META,"Meta Platforms, Inc.",Communication Services,583.28,1480611594240.0,21.2179,14.625,8.026,safe,726.9855633689149,24.6,697.9960413422058,1216.8871542810502,490.01561187140976,19.7,19.89,26.26
MET,"MetLife, Inc.",Financial Services,84.9,54627786752.0,16.421663,12.794,,not applicable,,,339.2006210929998,597.8036659451935,235.0344038596602,299.5,3.92,20.74
MTD,Mettler-Toledo International Inc.,Healthcare,1155.26,23345031168.0,27.106054,21.373,9.381,safe,1170.3104890085667,1.3,461.4694538731932,848.9948820433962,305.1768913956778,-60.1,0.9,21.24
MGM,MGM Resorts International,Consumer Cyclical,47.45,12140141568.0,65.0,18.626,0.77,distress,51.70792115973175,9.0,0.7096745628271826,82.6786790504865,-32.2346093671197,-98.5,10.14,8.45
MCHP,Microchip Technology Incorporated,Technology,90.035,48819658752.0,409.36362,47.251,4.713,safe,96.23141730812618,6.9,9.269320199700532,21.38704543211217,4.353476279699409,-89.7,-10.0,26.83
MU,"Micron Technology, Inc.",Technology,888.56,1002059333632.0,41.893448,30.417,23.177,safe,996.1462985105874,12.1,9.066724530955137,13.076879956073144,7.453117148484577,-99.0,6.71,1.0
MSFT,Microsoft Corporation,Technology,418.7051,3110323617792.0,24.952627,17.494,8.594,safe,427.8303921164816,2.2,233.99537923146937,407.272925801069,164.40271440216063,-44.1,12.42,29.14
MAA,"Mid-America Apartment Communities, Inc.",Real Estate,138.455,16521370624.0,41.956062,17.496,1.653,not applicable,137.2103256574686,-0.9,51.57707836916631,120.3843054550403,23.85140323720372,-62.7,3.03,35.68
MRNA,"Moderna, Inc.",Healthcare,47.34,18783862784.0,26.364431,-7.205,3.761,safe,,,10.245994860941158,10.497606515192563,10.14392259927237,-78.4,-10.0,1.0
TAP,Molson Coors Beverage Company,Consumer Defensive,39.221,7355952128.0,22.849333,5.536,0.752,distress,69.26690328853881,76.6,53.04409276371241,112.73705140686766,28.97409704559104,35.2,1.35,10.02
MDLZ,"Mondelez International, Inc.",Consumer Defensive,62.82,80638877696.0,31.09901,18.873,2.341,grey,61.5448061897594,-2.0,33.40617571419929,67.93344757123647,19.514292613161608,-46.8,6.96,9.4
MPWR,"Monolithic Power Systems, Inc.",Technology,1519.76,74665811968.0,108.16797,93.147,70.27,safe,1653.0637169957256,8.8,361.635943395518,605.7883243974148,263.6743853582029,-76.2,15.86,23.6
MNST,Monster Beverage Corporation,Consumer Defensive,90.12,88138096640.0,43.536236,29.658,33.944,safe,88.1159156440942,-2.2,34.339891535697994,56.69107633965776,25.354940702334154,-61.9,9.54,19.13
MCO,Moody's Corporation,Financial Services,453.99,79301353472.0,32.614223,22.155,7.047,not applicable,450.7173705477095,-0.7,257.59131695464663,467.4084061404619,173.31710878107643,-43.3,12.17,30.62
MS,Morgan Stanley,Financial Services,212.272,334813429760.0,19.227537,11.172,,not applicable,,,61.210923607432186,66.96930574988536,58.896102449372776,-71.2,9.52,1.0
MOS,The Mosaic Company,Basic Materials,22.06,7011697152.0,157.57143,6.479,1.92,grey,45.75921361623689,107.4,-3.655525721688748,4.9047300552843325,-7.128197407817813,-116.6,-10.0,4.35
MSI,"Motorola Solutions, Inc.",Technology,412.24,68430016512.0,33.245163,22.009,3.77,safe,409.88795877711976,-0.6,199.7396148581038,378.6006351101595,127.8176617264781,-51.5,8.63,19.22
MSCI,MSCI Inc.,Financial Services,617.5015,44909400064.0,35.265648,26.985,6.072,not applicable,621.7940613240708,0.7,279.14776992681755,540.9998993616294,173.95844111259774,-54.8,11.71,40.0
NDAQ,"Nasdaq, Inc.",Financial Services,87.16,49292537856.0,26.253014,18.35,2.445,not applicable,88.1044157666588,1.1,54.214499069693126,104.21848680506277,34.115721077898954,-37.8,9.89,24.45
NTAP,"NetApp, Inc.",Technology,168.23,33319692288.0,26.492912,18.016,3.256,safe,221.4396367513571,31.6,89.91592191792797,147.53523853224667,66.68179003281026,-46.6,1.32,18.5
NFLX,"Netflix, Inc.",Communication Services,81.5103,343201120256.0,26.291935,24.359,9.859,safe,81.75183314968614,0.3,36.80916081312776,64.1327139863047,25.836039791656518,-54.8,12.64,16.09
NEM,Newmont Corporation,Basic Materials,101.3,108143099904.0,13.138782,6.89,4.156,safe,125.91954442825086,24.3,107.55341517996956,185.9198336142992,76.1716717755514,6.2,23.91,14.5
NWSA,News Corporation,Communication Services,27.165,14809374720.0,34.386078,12.893,2.327,grey,42.69652640126112,57.2,12.983107429960448,22.73121013738671,9.03671889971909,-52.2,-6.63,6.72
NWS,News Corporation,Communication Services,31.16,16987302912.0,39.443035,14.616,2.541,grey,95.85564355193787,207.6,25.940284818517565,45.417021188060936,18.05538953969112,-16.8,-6.63,6.72
NEE,"NextEra Energy, Inc.",Utilities,85.96,179278643200.0,21.817259,20.657,1.187,distress,76.4330862790198,-11.1,-30.128102022361382,-16.626501662975702,-35.555916857869846,-135.0,9.36,7.52
NKE,"NIKE, Inc.",Consumer Cyclical,42.965,63626313728.0,28.266447,17.525,3.632,safe,32.371047171974084,-24.7,45.37481409356249,77.83132101253008,32.27787711872957,5.6,-0.29,9.73
NI,NiSource Inc.,Utilities,46.81,22442551296.0,23.288559,13.741,0.871,distress,51.11005085117719,9.2,-32.74874362834867,-31.25120584424173,-33.35186278846449,-170.0,4.32,1.0
NDSN,Nordson Corporation,Industrials,283.78,15811639296.0,30.28602,19.57,5.37,safe,284.913947943668,0.4,116.1044598823568,219.0446264089764,74.61646373851353,-59.1,2.53,20.72
NSC,Norfolk Southern Corporation,Industrials,315.25,70803259392.0,26.580946,15.265,2.42,grey,310.53514651978617,-1.5,19.92464488301769,82.0090105958874,-5.141955151275461,-93.7,-1.5,14.09
NTRS,Northern Trust Corporation,Financial Services,171.045,31651409920.0,17.910471,11.172,,not applicable,,,148.67731401970826,274.15291416555493,98.17804145829182,-13.1,6.15,24.37
NOC,Northrop Grumman Corporation,Industrials,545.435,77470023680.0,17.103638,12.716,3.019,safe,546.723353021368,0.2,166.33469749440854,357.8882311818682,89.19827448869157,-69.5,4.65,5.91
NCLH,Norwegian Cruise Line Holdings Ltd.,Consumer Cyclical,18.65,8562403840.0,15.040322,9.421,,,,,-26.60374093129826,-20.542708021745227,-29.029513970319293,-242.6,26.6,1.0
NRG,"NRG Energy, Inc.",Utilities,129.215,27262615552.0,141.99449,23.017,2.225,grey,135.98690350144253,5.2,-82.79659746789524,-64.55261358623999,-90.1604857132725,-164.1,-0.88,1.5
NUE,Nucor Corporation,Basic Materials,255.41,58167316480.0,25.363457,13.216,5.441,safe,269.6799381578061,5.6,95.66801567374232,170.11566931348892,65.50750985828637,-62.5,-7.84,8.93
NVDA,NVIDIA Corporation,Technology,206.27,4996428988416.0,31.54205,31.727,65.575,safe,218.1604507031089,5.8,143.32698087204685,251.27437621878508,100.15216621948082,-30.5,30.0,37.47
NVR,"NVR, Inc.",Consumer Cyclical,6230.72,16818533376.0,15.213577,9.685,12.545,safe,6182.9680138347385,-0.8,6999.192813212994,11585.506724664145,5148.224175990968,12.3,-0.63,14.1
NXPI,NXP Semiconductors N.V.,Technology,300.5,75867553792.0,28.70105,21.561,3.802,safe,319.945580079689,6.5,71.06061439622592,139.67270546038537,43.34610518919459,-76.4,-2.42,18.2
ORLY,"O'Reilly Automotive, Inc.",Consumer Cyclical,90.07,74642366464.0,29.338762,20.008,4.038,safe,88.85963258790902,-1.3,38.74781595995576,73.26606139121736,24.861063447539763,-57.0,7.26,12.96
OXY,Occidental Petroleum Corporation,Energy,57.425,57116897280.0,77.60135,7.395,1.488,distress,68.0057479715862,18.4,33.975351046949385,63.4873470924617,22.00310678947201,-40.8,-10.0,26.17
ODFL,"Old Dominion Freight Line, Inc.",Industrials,244.01,50746339328.0,50.941544,29.746,29.172,safe,245.0212266646448,0.4,44.478042264684255,73.00724872722404,32.94354492334206,-81.8,-4.24,15.28
OMC,Omnicom Group Inc.,Communication Services,75.52,21523666944.0,22.744318,9.429,0.941,distress,78.94800007786498,4.5,81.69173095511451,156.8711234973196,51.438953509849,8.2,6.52,10.34
ON,ON Semiconductor Corporation,Technology,120.2,46734143488.0,88.38235,25.648,7.696,safe,132.97017320004454,10.6,18.58111532974501,31.65189414029668,13.2786425212621,-84.5,-10.0,16.32
OKE,"ONEOK, Inc.",Energy,88.8,55946915840.0,15.828877,11.943,1.617,distress,88.67425507519408,-0.1,86.01805905691734,187.1729925021066,45.41654772700704,-3.1,14.53,11.02
ORCL,Oracle Corporation,Technology,212.28,610527084544.0,38.04301,29.455,3.027,safe,314.7493213891572,48.3,8.01002232911249,44.34661819131433,-6.591958106260643,-96.2,10.59,12.6
OTIS,Otis Worldwide Corporation,Industrials,70.51,27055820800.0,18.75266,13.811,2.894,grey,69.77268390496103,-1.0,34.75548183119809,71.7375870684126,19.845944714456618,-50.7,1.79,10.28
PCAR,PACCAR Inc,Industrials,117.42,61796528128.0,24.982979,21.287,3.544,safe,117.64556829397868,0.2,44.74727636455578,83.27725745071803,29.19850004862193,-61.9,-0.44,8.32
PKG,Packaging Corporation of America,Consumer Cyclical,223.17,19884144640.0,27.149633,12.081,3.906,safe,224.2345118439341,0.5,74.53894569032782,155.06126683550275,42.07848672153546,-66.6,1.97,8.27
PLTR,Palantir Technologies Inc.,Technology,135.16,324020699136.0,151.86517,164.494,139.168,safe,147.35807952907442,9.0,29.79920016036962,49.91316027408885,21.754388175332924,-78.0,30.0,31.93
PANW,"Palo Alto Networks, Inc.",Technology,273.3,222739496960.0,239.73683,152.752,9.282,safe,279.25897753128834,2.2,117.39621950358912,203.1482238862313,83.01602015219187,-57.0,18.79,36.75
PSKY,Paramount Skydance Corporation,Communication Services,9.905,11085409280.0,330.16666,8.948,0.502,distress,11.973450015979113,20.9,-9.889462418097295,-7.450448037107373,-10.873214050837657,-199.8,0.73,1.0
PH,Parker-Hannifin Corporation,Industrials,887.32,111878979584.0,32.70623,21.736,6.544,safe,875.9204114252174,-1.3,348.0085147085866,644.8737630233086,228.60012783125137,-60.8,7.76,14.84
PAYX,"Paychex, Inc.",Technology,100.92,36158713856.0,22.278145,24.176,2.773,grey,,,74.80678219285963,133.6716043382679,51.11896972062243,-25.9,6.51,31.59
PYPL,"PayPal Holdings, Inc.",Financial Services,41.46,36572090368.0,7.7786117,6.092,1.83,not applicable,42.97149365104339,3.6,110.5520117899234,190.00348742970976,78.57899693763864,166.6,6.43,17.7
PNR,Pentair plc,Industrials,73.27,11840836608.0,18.409546,12.528,4.054,safe,73.26798142397853,-0.0,34.18171096091658,65.87509782416441,21.396870836060167,-53.3,0.44,13.7
PEP,"PepsiCo, Inc.",Consumer Defensive,143.68,196402069504.0,22.555729,12.641,3.49,safe,143.904649741606,0.2,47.49048344242801,101.324834215194,25.79627641144341,-66.9,2.83,7.79
PFE,Pfizer Inc.,Healthcare,26.13,148926480384.0,19.946566,7.792,2.007,grey,25.66790137391028,-1.8,5.362604503202964,14.45029425470714,1.6759666602934418,-79.5,-10.0,15.93
PCG,PG&E Corporation,Utilities,17.225,37933322240.0,13.352714,9.763,0.508,distress,17.712797172805153,2.8,-26.27061621956547,-25.020104381163144,-26.774160051574235,-252.5,4.77,1.0
PM,Philip Morris International Inc.,Consumer Defensive,179.85,280306810880.0,25.330988,17.276,4.214,safe,177.39924125777924,-1.4,100.71658295851636,193.29407167912183,63.4893613288043,-44.0,8.57,26.93
PSX,Phillips 66,Energy,184.61,74016612352.0,18.224087,13.772,3.835,safe,186.50694269610077,1.0,36.59963198123998,95.16064595344054,12.87290763435762,-80.2,-8.0,3.06
PNW,Pinnacle West Capital Corporation,Utilities,103.665,12562868224.0,19.340485,12.82,0.759,distress,102.11998567571092,-1.5,-117.1377360873454,-111.66310070037318,-119.34017314314085,-213.0,7.28,1.0
PNC,"The PNC Financial Services Group, Inc.",Financial Services,229.85,92299632640.0,13.355608,11.172,,not applicable,,,174.74805221281926,388.9527189501063,88.43409330583003,-24.0,3.01,36.72
POOL,Pool Corporation,Industrials,187.71,6840716288.0,17.252758,12.85,4.248,safe,183.6101844845223,-2.2,105.43090987360227,201.8298750100707,66.4395041152581,-43.8,-5.05,9.81
PPG,"PPG Industries, Inc.",Basic Materials,113.72,25348188160.0,16.292263,11.507,3.777,safe,111.94308967249889,-1.6,34.96323722812736,77.38459451090024,17.851718633581687,-69.3,0.55,6.61
PPL,PPL Corporation,Utilities,35.815,26945425408.0,21.972391,12.46,0.988,distress,35.27156537209189,-1.5,-23.430816224970656,-22.114675138418075,-23.960823373290484,-165.4,4.59,1.0
PFG,"Principal Financial Group, Inc.",Financial Services,105.42,22772025344.0,15.124821,9.951,,not applicable,,,205.26249190779745,337.4101110929123,151.84769331585838,94.7,-3.77,25.24
PG,The Procter & Gamble Company,Consumer Defensive,147.77,344097095680.0,21.603802,14.117,5.429,safe,140.278671162416,-5.1,77.5021574976527,137.81325827127495,53.186271646085146,-47.6,1.67,17.51
PGR,The Progressive Corporation,Financial Services,203.875,118961070080.0,10.370041,7.939,,not applicable,,,777.75255201451,1363.4551536761398,543.0494323076573,281.5,20.9,17.32
PLD,"Prologis, Inc.",Real Estate,145.5,136339898368.0,36.55779,26.371,2.234,not applicable,148.38381074674635,2.0,49.52225335654725,112.18172896725824,24.366387577741914,-66.0,13.74,40.0
PRU,"Prudential Financial, Inc.",Financial Services,105.07,36493451264.0,10.820804,10.904,,not applicable,,,222.97112667524445,409.4018076494367,147.8261042355364,112.2,2.28,10.84
PEG,Public Service Enterprise Group Incorporated,Utilities,79.61,39671365632.0,17.612831,13.119,1.303,distress,91.77506213550106,15.3,-43.81218714731058,-40.75070774565767,-45.04373036063807,-155.0,7.48,1.0
PTC,PTC Inc.,Technology,137.46,15877427200.0,13.204612,12.865,4.831,safe,138.27556694538373,0.6,136.20829179466958,240.23988181296383,94.42520748247392,-0.9,12.32,28.11
PSA,Public Storage,Real Estate,312.16,54798360576.0,32.214657,19.848,3.515,not applicable,332.9865177252826,6.7,118.77387507853057,240.7641522742555,69.65394230845047,-62.0,4.88,40.0
PHM,"PulteGroup, Inc.",Consumer Cyclical,118.74,22618349568.0,11.483559,7.87,5.945,safe,118.35674262712143,-0.3,113.1664715174336,193.38363555642275,80.83823718868068,-4.7,2.66,8.85
PWR,"Quanta Services, Inc.",Industrials,694.585,104229527552.0,95.67287,42.861,5.792,safe,720.8822942059054,3.8,243.4018906649401,452.1886998683662,159.6898135071695,-65.0,18.6,5.38
QCOM,QUALCOMM Incorporated,Technology,219.4299,231279116288.0,23.62001,20.089,7.534,safe,243.90024015180265,11.2,131.72159774506702,224.5417944463235,94.27248184853649,-40.0,0.06,25.14
DGX,Quest Diagnostics Incorporated,Healthcare,201.365,22290386944.0,22.27489,12.625,3.385,safe,198.25598269299184,-1.5,112.80637587631756,228.5262380516555,66.19073162712697,-44.0,3.74,11.04
Q,"Qnity Electronics, Inc.",Technology,144.4825,30245851136.0,46.607258,25.092,3.411,safe,,,38.772187319048726,76.94649738936032,23.36994187623081,-73.2,-0.01,19.19
RL,Ralph Lauren Corporation,Consumer Cyclical,366.555,21816012800.0,24.2591,14.977,6.069,safe,577.9532386149408,57.7,363.577145691428,638.4379091573154,253.0282664840188,-0.8,7.99,9.93
RJF,"Raymond James Financial, Inc.",Financial Services,152.15,29651453952.0,14.353772,11.172,,not applicable,,,69.30301992038684,78.61617977419364,65.557867465994,-54.5,8.45,1.0
RTX,RTX Corporation,Industrials,181.87,244921303040.0,34.121952,18.049,2.621,grey,179.86108548742013,-1.1,61.62334757000546,122.54479031229316,37.135036760965086,-66.1,9.72,6.66
O,Realty Income Corporation,Real Estate,61.335,57194430464.0,50.27459,16.764,1.057,not applicable,62.23712969368237,1.5,39.59133608393752,92.65027227855764,18.32393645833725,-35.5,19.8,40.0
REG,Regency Centers Corporation,Real Estate,78.05,14590275584.0,26.821306,18.65,1.597,not applicable,79.23417047344195,1.5,34.476871021247305,78.60571601502161,16.729987104339916,-55.8,8.27,40.0
REGN,"Regeneron Pharmaceuticals, Inc.",Healthcare,636.75,66756251648.0,15.557049,13.215,6.743,safe,621.2641323999834,-2.4,671.3131482458591,1099.6002184284714,498.90991553063503,5.4,5.62,26.76
RF,Regions Financial Corporation,Financial Services,28.65,24449323008.0,11.887966,11.172,,not applicable,,,32.35485790680052,56.81673679456465,22.49236098257321,12.9,1.65,29.19
RSG,"Republic Services, Inc.",Industrials,211.425,65047883776.0,30.377155,15.002,2.938,grey,208.154788504776,-1.5,80.98138644435717,169.9773244890771,45.17593151754433,-61.7,7.08,13.41
RMD,ResMed Inc.,Healthcare,195.84,28407840768.0,18.867052,12.913,10.49,safe,192.3490235631408,-1.8,159.3321635473775,270.34196478073136,114.7538764547384,-18.6,12.88,19.56
RVTY,"Revvity, Inc.",Healthcare,98.17,10951823360.0,47.197117,16.269,2.459,grey,102.71933242460076,4.6,14.98737398720343,39.475746106380136,5.083600362532143,-84.7,-4.82,13.95
HOOD,"Robinhood Markets, Inc.",Financial Services,79.96,72004386816.0,38.815536,11.172,1.951,not applicable,,,21.335218422948504,32.14162823761688,17.01306929364971,-73.3,30.0,5.91
ROK,"Rockwell Automation, Inc.",Industrials,448.375,49892458496.0,46.65713,27.994,5.814,safe,464.0899958321783,3.5,91.72460466284709,177.2073282091365,57.27121317498661,-79.5,2.44,11.55
ROL,"Rollins, Inc.",Consumer Cyclical,47.78,23004332032.0,43.83486,27.134,10.016,safe,46.49185945316085,-2.7,25.578456250224946,45.3868712952226,17.621241025374523,-46.5,11.74,16.67
ROP,"Roper Technologies, Inc.",Technology,333.705,33676625920.0,20.817528,13.637,2.46,grey,331.6843476254665,-0.6,379.2789630760696,726.531749347591,239.86719631334628,13.7,13.73,26.7
ROST,"Ross Stores, Inc.",Consumer Cyclical,231.466,74249912320.0,32.372868,21.963,7.542,safe,235.6941853016292,1.8,94.74303272331686,162.65187867790326,67.41832766218428,-59.1,6.76,7.9
RCL,Royal Caribbean Cruises Ltd.,Consumer Cyclical,283.49,76030590976.0,17.296522,14.511,2.237,grey,293.60163855118867,3.6,-54.28498930103632,-35.35383119843327,-61.861705881903646,-119.1,26.59,1.0
SPGI,S&P Global Inc.,Financial Services,426.765,126322442240.0,27.010443,17.97,4.149,not applicable,437.565436972973,2.5,295.1258193101742,536.0267540112258,198.33484083785424,-30.8,11.11,31.44
CRM,"Salesforce, Inc.",Technology,186.355,152624742400.0,21.593859,14.37,2.548,grey,190.13110622710624,2.0,247.4671646487313,450.66635622713096,165.7907064179063,32.8,9.82,28.72
SNDK,Sandisk Corporation,Technology,1554.085,230144065536.0,53.20387,45.643,37.439,safe,,,33.58761547555782,40.553586501557945,30.78772703643793,-97.8,9.93,1.0
SBAC,SBA Communications Corporation,Real Estate,208.715,22136942592.0,21.97,20.399,0.475,not applicable,207.5693016350836,-0.5,8.408570574611113,112.28215069116882,-33.4604636931176,-96.0,2.25,40.0
SLB,SLB N.V.,Energy,55.035,82280497152.0,24.244493,12.794,3.303,safe,59.15325241760024,7.5,44.97493775493062,80.70403701800163,30.60637411682561,-18.3,8.33,11.48
STX,Seagate Technology Holdings plc,Technology,856.29,193737408512.0,81.088066,59.95,14.569,safe,914.374299155726,6.8,21.722027857847195,44.23409759921995,12.60128509925356,-97.5,-7.94,9.64
SRE,Sempra,Utilities,91.925,60090458112.0,31.267008,18.719,1.082,distress,106.4039495684779,15.8,-52.008003837183054,-50.32420330173196,-52.68791435287755,-156.6,-1.73,1.0
NOW,"ServiceNow, Inc.",Technology,112.795,116326383616.0,67.139885,41.671,6.447,safe,118.42444951071845,5.0,131.54221047116863,227.74127701347476,93.00632998745736,16.6,22.38,31.24
SHW,The Sherwin-Williams Company,Basic Materials,304.495,75099308032.0,29.25024,19.302,3.537,safe,296.34247649896446,-2.7,68.4070307610032,155.35640483571908,33.35758228264963,-77.5,2.1,9.36
SPG,"Simon Property Group, Inc.",Real Estate,210.34,79924912128.0,14.637439,19.703,1.886,not applicable,210.62406228812415,0.1,45.36466963623158,138.74393885924945,7.785729838348107,-78.4,6.35,40.0
SWKS,"Skyworks Solutions, Inc.",Technology,74.38,11187195904.0,30.991665,12.969,5.116,safe,80.16149753317958,7.8,68.65724753681954,111.1775423030738,51.41518676176472,-7.7,-9.34,29.06
SJM,The J. M. Smucker Company,Consumer Defensive,104.29,11122353152.0,22.849333,9.701,0.971,distress,101.3776747104659,-2.8,34.1080586532049,105.74463592252935,5.241276432303361,-67.3,2.94,8.65
SW,Smurfit Westrock Plc,Consumer Cyclical,41.4703,21749682176.0,57.597633,7.495,1.482,distress,42.11177335199685,1.5,55.17433064437451,116.9502573697664,30.46633118044964,33.0,30.0,3.22
SNA,Snap-on Incorporated,Industrials,381.245,19749220352.0,19.692406,13.676,7.842,safe,377.8287453305781,-0.9,271.8506079972449,452.3859430318898,199.076885595564,-28.7,2.11,18.66
SOLV,Solventum Corporation,Healthcare,81.1,14044469248.0,9.92656,16.906,2.202,grey,62.90254313805355,-22.4,48.30870013303259,99.79786785576816,27.54168251083388,-40.4,0.79,11.76
SO,The Southern Company,Utilities,93.31,105188466688.0,23.864449,12.96,0.996,distress,119.17358692397904,27.7,-63.11672258270826,-60.78436155773103,-64.05762952462865,-167.6,0.31,1.0
LUV,Southwest Airlines Co.,Industrials,41.45,20259672064.0,27.633333,10.51,2.219,grey,41.43423613290758,-0.0,3.165580198770735,9.7671543446164,0.5081787021684574,-92.4,5.63,1.0
SWK,"Stanley Black & Decker, Inc.",Industrials,78.73,12239016960.0,32.266396,11.344,2.049,grey,79.04333346344553,0.4,-31.98355310304927,-24.915847692827818,-34.84026657182564,-140.6,-3.71,1.0
SBUX,Starbucks Corporation,Consumer Cyclical,95.7,109069287424.0,73.05344,24.096,2.68,grey,93.86475042906028,-1.9,24.081764991895323,54.72837627874997,11.741697477568843,-74.8,4.86,8.47
STT,State Street Corporation,Financial Services,161.69,44750462976.0,16.415228,11.172,,not applicable,,,119.74184599363006,203.11520845654584,86.1705085344299,-25.9,4.82,14.93
STLD,"Steel Dynamics, Inc.",Basic Materials,268.12,38666330112.0,28.737406,18.801,6.226,safe,275.19336433849094,2.6,61.49644385754794,117.72943687758102,38.73260024102933,-77.1,-6.53,7.12
STE,STERIS plc,Healthcare,213.18,20806897664.0,26.848866,14.004,4.953,safe,213.44007640789064,0.1,132.92905075555728,239.5438316724479,90.06873973107118,-37.6,9.38,12.82
SYK,Stryker Corporation,Healthcare,307.505,117885353984.0,35.590855,18.465,4.437,safe,297.99743304976005,-3.1,164.46012425273656,305.16538409410987,107.92158911581902,-46.5,10.83,14.71
SMCI,"Super Micro Computer, Inc.",Technology,41.505,24961875968.0,21.844738,22.838,5.84,safe,46.90413727591431,13.0,2.447257649628156,14.253351446127107,-2.2747267002244644,-94.1,30.0,1.0
SYF,Synchrony Financial,Financial Services,70.87,23838560256.0,7.336439,11.172,,not applicable,,,344.83208773647533,580.7449946057524,249.97006953242044,386.6,8.67,40.0
SNPS,"Synopsys, Inc.",Technology,466.59,89342337024.0,107.26207,60.745,3.356,safe,495.0015748384323,6.1,186.44086521537685,354.10850658902905,119.15493460964002,-60.0,15.19,25.72
SYY,Sysco Corporation,Consumer Defensive,76.0,36341878784.0,21.111113,10.745,5.147,safe,74.26367747778899,-2.3,36.09862777665068,81.1191076189094,17.977483018405945,-52.5,5.84,2.28
TMUS,"T-Mobile US, Inc.",Communication Services,179.93,194721071104.0,19.10085,9.154,1.55,distress,142.47967762276903,-20.8,9.983412335734773,92.684880662645,-23.33414920831333,-94.5,3.53,9.74
TROW,"T. Rowe Price Group, Inc.",Financial Services,105.93,22697261056.0,11.36588,7.084,8.424,not applicable,112.06415737970852,5.8,126.78324095099283,204.13044652481497,95.6294216840802,19.7,4.08,21.21
TTWO,"Take-Two Interactive Software, Inc.",Communication Services,214.16,39762370560.0,22.744318,52.243,3.74,safe,215.8146280896964,0.8,1.1720167634386656,5.682465156719319,-0.6423568578624701,-99.5,7.56,1.0
TPR,"Tapestry, Inc.",Consumer Cyclical,140.09,28304443392.0,42.580547,15.853,4.014,safe,141.31530524475883,0.9,53.214856952335005,99.28748440270716,34.63897196911855,-62.0,1.6,14.01
TRGP,Targa Resources Corp.,Energy,266.12,57121034240.0,27.182838,14.673,2.721,grey,268.0424683108749,0.7,-54.81048082137415,-32.88751800090832,-63.68575171153746,-120.6,-6.65,4.44
TGT,Target Corporation,Consumer Defensive,122.8401,55792881664.0,16.227226,8.628,3.044,safe,133.81247256110993,8.9,29.136708124216387,72.00478258180517,11.829980656956696,-76.3,-1.34,2.27
TEL,TE Connectivity plc,Technology,213.87,62427754496.0,21.868097,14.655,5.124,safe,223.01223567797905,4.3,111.9712663213271,199.89641166145003,76.52652700126258,-47.6,1.97,15.4
TDY,Teledyne Technologies Incorporated,Technology,605.7799,28065259520.0,30.703493,19.901,4.934,safe,617.4333583327192,1.9,245.5471377554828,444.8858285398354,165.25086449611214,-59.5,3.86,14.28
TER,"Teradyne, Inc.",Technology,362.61,56763748352.0,67.52514,54.696,26.455,safe,407.1004986375492,12.3,41.179964580245326,68.44142640847312,30.18259140319734,-88.6,0.37,14.99
TSLA,"Tesla, Inc.",Consumer Cyclical,392.07,1472469008384.0,359.68805,139.122,17.643,safe,420.137442855154,7.2,32.14703216258968,49.21375442335479,25.275873268411264,-91.8,5.19,6.0
TXN,Texas Instruments Incorporated,Technology,288.24,262325141504.0,49.18771,33.106,12.207,safe,306.96291776252514,6.5,22.47550416342672,43.795030758912254,13.856711278270176,-92.2,-4.07,15.39
TPL,Texas Pacific Land Corporation,Energy,394.64,27220070400.0,54.20879,40.31,102.678,safe,406.11739924661066,2.9,69.97813037328295,116.69623606682772,51.17581217320215,-82.3,6.15,34.26
TXT,Textron Inc.,Industrials,91.545,15918665728.0,17.47042,11.013,2.725,grey,102.54479211652864,12.0,72.68698178089535,134.11521348448926,47.95161676081417,-20.6,4.77,6.54
TMO,Thermo Fisher Scientific Inc.,Healthcare,474.0575,176169943040.0,26.09012,19.402,3.429,safe,388.9637602930175,-18.0,132.46608968023924,294.74424563073984,66.98378563993398,-72.1,-0.27,15.66
TJX,"The TJX Companies, Inc.",Consumer Cyclical,161.425,178326913024.0,31.405643,20.808,7.016,safe,157.9547643388411,-2.1,59.54432879901507,106.82821009946056,40.51697267797812,-63.1,6.53,7.21
TKO,"TKO Group Holdings, Inc.",Communication Services,203.995,38988808192.0,75.83457,17.014,4.21,safe,477.6040382099095,134.1,495.4333387841394,915.4074754324022,327.45980454167506,142.9,30.0,20.58
TTD,"The Trade Desk, Inc.",Communication Services,20.015,9409218560.0,22.744318,12.545,2.592,grey,24.46204536727906,22.2,62.087093499317,106.7237636700379,44.206587167854885,210.2,22.44,27.44
TSCO,Tractor Supply Company,Consumer Cyclical,29.86,15660065792.0,14.70936,11.058,4.06,safe,29.199936750454214,-2.2,6.87789748382342,19.75230598029093,1.6901371681071489,-77.0,3.0,4.29
TT,Trane Technologies plc,Industrials,454.355,100437663744.0,34.73662,25.058,7.08,safe,461.232762344088,1.5,205.94509997766204,364.39137502248656,142.26222983645417,-54.7,10.06,11.64
TDG,TransDigm Group Incorporated,Industrials,1227.325,68648681472.0,38.29407,19.957,1.889,grey,1220.7004857171407,-0.5,322.183268994874,928.4449893097988,79.04436939882413,-73.7,17.61,19.57
TRV,"The Travelers Companies, Inc.",Financial Services,303.17,64467492864.0,9.047151,6.102,,not applicable,,,858.7440154748972,1478.136593267542,609.7750877134696,183.3,9.79,19.36
TRMB,Trimble Inc.,Technology,54.325,12663783424.0,28.44241,16.338,3.315,safe,55.60781809327921,2.4,17.816172575958653,33.2391410558121,11.59114782975265,-67.2,-0.81,11.91
TFC,Truist Financial Corporation,Financial Services,49.465,61627420672.0,12.243812,11.172,,not applicable,,,56.99165306674651,109.59112082374348,35.77477415710488,15.2,0.57,35.78
TYL,"Tyler Technologies, Inc.",Technology,312.46,12854777856.0,43.15746,27.932,5.198,safe,315.4560535218837,1.0,234.42419738080332,395.10266303095807,169.8001998316006,-25.0,8.02,22.05
TSN,"Tyson Foods, Inc.",Consumer Defensive,59.35,20898879488.0,46.732285,10.227,3.137,safe,71.53859934487474,20.5,12.017901248601609,38.49203387263133,1.3398012189282031,-79.8,0.72,1.51
USB,U.S. Bancorp,Financial Services,55.855,86638428160.0,11.709643,11.172,,not applicable,,,102.14588126632344,186.97025976093116,68.00126985277771,82.9,5.68,40.0
UBER,"Uber Technologies, Inc.",Technology,70.45,143407939584.0,17.481388,21.991,3.545,safe,72.48539535030714,2.9,73.46721522176834,129.7791985334821,50.88423728671525,4.3,17.73,11.17
UDR,"UDR, Inc.",Real Estate,39.43,14609432576.0,26.82313,18.5,1.068,not applicable,41.47499395481572,5.2,10.983606361015758,31.07743587560524,2.8903438907646217,-72.1,4.11,35.63
ULTA,"Ulta Beauty, Inc.",Consumer Cyclical,468.4,20136194048.0,17.549643,11.625,5.93,safe,452.11164905620376,-3.5,421.0262937387609,750.9364400291511,288.2751908869983,-10.1,6.68,9.48
UNP,Union Pacific Corporation,Industrials,273.275,162246967296.0,22.510296,14.87,4.139,safe,245.08198646406072,-10.3,65.70114241951995,144.76751425194405,33.79308378543821,-76.0,-0.49,22.4
UAL,"United Airlines Holdings, Inc.",Industrials,105.24,34157717504.0,9.413238,6.451,1.401,distress,105.22235862982268,-0.0,65.51703040091077,149.04540525315866,31.939381473647146,-37.7,9.53,3.33
UPS,"United Parcel Service, Inc.",Industrials,109.825,93351936000.0,17.771036,9.851,3.005,safe,121.31590488134792,10.5,56.35201060065049,113.75709653726636,33.14532984320274,-48.7,-4.04,6.77
URI,"United Rentals, Inc.",Industrials,1067.205,66856714240.0,27.259384,18.212,3.65,safe,1087.756137915129,1.9,-0.5398128111865147,169.4052690701486,-68.81518964821558,-100.1,11.41,4.41
UNH,UnitedHealth Group Incorporated,Healthcare,401.5901,364701777920.0,30.240217,19.296,3.043,safe,404.4974891460103,0.7,536.1364917587334,957.8584557204098,366.70680582445823,33.5,11.35,5.72
UHS,"Universal Health Services, Inc.",Healthcare,146.215,8851322880.0,6.10501,5.167,2.983,grey,166.46062425848143,13.8,175.71824500479562,367.3366779981178,98.67652387575988,20.2,9.03,4.37
VLO,Valero Energy Corporation,Energy,258.905,76877381632.0,18.91198,9.31,5.051,safe,267.62003572916376,3.4,154.93419483442406,264.7595373129008,110.38092829881914,-40.2,-10.0,5.12
VEEV,Veeva Systems Inc.,Healthcare,174.22,28432478208.0,30.890072,21.405,11.904,safe,178.68444126925573,2.6,224.38571335608572,355.1319163195854,171.89946250063747,28.8,14.03,39.69
VTR,"Ventas, Inc.",Real Estate,82.685,40198942720.0,150.33635,22.484,,not applicable,,,12.140615128519205,39.46890598533809,1.1641753160746091,-85.3,12.21,14.66
VLTO,Veralto Corporation,Industrials,86.565,21260300288.0,22.310568,16.15,4.584,safe,84.92650892531576,-1.9,54.3002604156464,96.04820552860288,37.485599955011736,-37.3,4.16,17.37
VRSN,"VeriSign, Inc.",Technology,295.62,26901420032.0,32.66519,23.866,-4.291,distress,380.837082021978,28.8,103.78056870128742,185.65245466279623,70.81793738281932,-64.9,5.15,40.0
VRSK,"Verisk Analytics, Inc.",Industrials,182.54,23916726272.0,27.8687,18.357,5.509,safe,179.72952784054934,-1.5,105.56350331416697,201.9677135566141,66.77853873973002,-42.2,7.16,33.28
VZ,Verizon Communications Inc.,Communication Services,45.97,191950454784.0,11.212195,7.459,1.282,distress,44.896232616677416,-2.3,3.278339871511838,36.81274329984901,-10.249795623565785,-92.9,0.33,11.38
VRTX,Vertex Pharmaceuticals Incorporated,Healthcare,452.44,114831728640.0,26.882948,21.452,12.034,safe,441.8382344613236,-2.3,245.12016398612369,405.4999975950132,180.66614144568604,-45.8,10.35,23.73
VRT,Vertiv Holdings Co,Industrials,296.45,113869062144.0,74.484924,52.532,9.997,safe,323.90097056246685,9.3,79.05479903440065,139.40571948574137,54.87477678057627,-73.3,21.59,9.79
VTRS,Viatris Inc.,Healthcare,16.01,18644488192.0,26.364431,7.448,0.678,distress,15.81370991920817,-1.2,8.187893176566503,20.498981968791817,3.210583364299405,-48.9,-4.2,14.16
VICI,VICI Properties Inc.,Real Estate,27.985,30133692416.0,9.583904,11.711,1.884,not applicable,,,20.58014942682951,47.25716031211405,9.87541526755694,-26.5,15.49,40.0
V,Visa Inc.,Financial Services,325.01,618085744640.0,28.360384,20.368,,not applicable,,,191.25218139320455,332.6216922468559,134.44836021268526,-41.2,10.92,40.0
VST,Vistra Corp.,Utilities,149.06,50260418560.0,24.92642,10.837,1.386,distress,165.7248630613855,11.2,45.71338646012899,118.76327407498307,16.342036837154787,-69.3,8.92,10.37
VMC,Vulcan Materials Company,Basic Materials,281.0,36461121536.0,33.293842,17.784,4.073,safe,281.6827351972144,0.2,52.535384007070654,115.5254680944361,27.15105707546703,-81.3,2.77,10.26
WRB,W. R. Berkley Corporation,Financial Services,68.53,25512124416.0,14.519068,9.883,,not applicable,,,180.8249899167512,308.79102864835505,129.37960464128483,163.9,9.28,23.9
GWW,"W.W. Grainger, Inc.",Industrials,1298.46,61304344576.0,34.970642,20.543,13.416,safe,1301.8551092123355,0.3,475.37302020905577,838.6006448115436,329.1588351478946,-63.4,5.62,8.32
WAB,Westinghouse Air Brake Technologies Corporation,Industrials,261.19,44318027776.0,36.99575,20.233,3.513,safe,263.0453458412769,0.7,125.97589156324432,242.8385452950621,79.0072389665761,-51.8,10.12,12.55
WMT,Walmart Inc.,Consumer Defensive,120.435,958550573056.0,42.411972,22.491,6.564,safe,118.90293890297453,-1.3,21.78629425068888,42.67468692822986,13.376756680376989,-81.9,5.27,2.06
DIS,The Walt Disney Company,Communication Services,99.26,172366135296.0,15.8816,11.196,2.339,grey,103.20964968440082,4.0,33.244810359657635,73.03817713621658,17.21958132768855,-66.5,4.51,6.71
WBD,"Warner Bros. Discovery, Inc.",Communication Services,26.075,65373593600.0,22.744318,12.921,0.965,distress,27.49703830070611,5.5,12.914710249165932,29.87221564346628,6.082525828762383,-50.5,3.32,11.06
WM,"Waste Management, Inc.",Industrials,221.79,89065480192.0,32.050575,14.446,2.868,grey,191.02173376245088,-13.9,59.4043895833182,141.66517537512706,26.325637835121118,-73.2,8.56,9.95
WAT,Waters Corporation,Healthcare,366.365,35971858432.0,46.552097,37.094,12.951,safe,375.1527968259786,2.4,24.58885471751057,77.38303235788314,3.307625607547654,-93.3,2.12,16.84
WEC,"WEC Energy Group, Inc.",Utilities,113.765,37056180224.0,22.798597,14.988,1.131,distress,111.61154325696116,-1.9,-64.36771867162648,-61.63910243807085,-65.46829120706144,-156.6,0.7,1.0
WFC,Wells Fargo & Company,Financial Services,82.0501,251088863232.0,12.681623,11.172,,not applicable,,,66.95682199015998,115.19948157920972,47.52525347425096,-18.4,4.02,16.55
WELL,Welltower Inc.,Real Estate,210.03,148263206912.0,101.46377,52.933,3.827,not applicable,202.73681714264384,-3.5,102.1777479394484,194.69621684010687,65.11885976027307,-51.4,22.69,25.28
WST,"West Pharmaceutical Services, Inc.",Healthcare,317.465,22428137472.0,42.38518,25.54,15.326,safe,317.9872343000494,0.2,86.18119691736605,143.368965256272,63.12885619720576,-72.9,2.12,13.52
WDC,Western Digital Corporation,Technology,522.31,180030930944.0,31.294786,50.115,14.07,safe,575.7497837913738,10.2,6.666804226902416,8.101474741013796,6.0847959548271024,-98.7,-10.0,1.0
WY,Weyerhaeuser Company,Real Estate,24.695,17806147584.0,44.098213,32.894,2.153,not applicable,18.97648617878004,-23.2,-0.7677393760908616,3.2483223190464856,-2.3969504769982275,-103.1,-10.0,8.07
WSM,"Williams-Sonoma, Inc.",Consumer Cyclical,206.21,24280528896.0,23.091825,15.362,7.254,safe,210.4143626859885,2.0,95.15500775424393,162.95738533183183,67.7534212991082,-53.9,-3.45,13.9
WMB,"The Williams Companies, Inc.",Energy,72.485,88649031680.0,31.791668,17.613,1.362,distress,74.43419368056095,2.7,6.095542495494779,26.83752155061284,-2.262792299806349,-91.6,2.91,21.01
WTW,Willis Towers Watson Public Limited Company,Financial Services,264.29,24961656832.0,15.509976,10.689,1.382,not applicable,232.5788454799709,-12.0,125.42466285122136,248.83526603050112,75.6975185706239,-52.5,3.07,11.79
WDAY,"Workday, Inc.",Technology,145.625,35965513728.0,45.366043,23.8,2.948,grey,201.99312047761197,38.7,299.5364231811158,515.9937458587705,212.6759673395567,105.7,15.4,25.51
WYNN,"Wynn Resorts, Limited",Consumer Cyclical,105.225,10920957952.0,30.150429,11.494,1.247,distress,96.72051786119977,-8.1,49.91854118984735,162.21289376599145,4.949851021196645,-52.6,23.86,6.43
XEL,Xcel Energy Inc.,Utilities,79.36,49542033408.0,22.870317,14.195,0.95,distress,77.5269844135921,-2.3,-57.175061377370966,-55.25717961170477,-57.94937620682358,-172.0,-1.42,1.0
XYL,Xylem Inc.,Industrials,109.81,26101121024.0,27.31592,14.487,3.819,safe,99.07720329559042,-9.8,86.31816295813063,153.6952703990787,59.29843178472647,-21.4,17.84,8.95
YUM,"Yum! Brands, Inc.",Consumer Cyclical,151.1,41646366720.0,24.37097,17.798,2.562,grey,137.38645722907776,-9.1,48.42694957137508,114.09104143758178,22.000880781695315,-68.0,6.28,18.58
ZBRA,Zebra Technologies Corporation,Technology,231.73,11038086144.0,28.020554,14.062,3.125,safe,245.4594978245513,5.9,74.1750280472722,162.08196031240408,38.669353083060095,-68.0,-2.27,9.93
ZBH,"Zimmer Biomet Holdings, Inc.",Healthcare,87.24,16877666304.0,22.601036,9.255,2.336,grey,85.92818446317669,-1.5,75.52987924156498,154.11420610282465,43.89918948773629,-13.4,5.85,15.89
ZTS,Zoetis Inc.,Healthcare,80.435,33720612864.0,13.186066,9.978,4.643,safe,79.8324436816521,-0.7,60.185139619531455,114.40273659621458,38.35870416223953,-25.2,5.42,21.08
