symbol,name,current_price,fair_value_per_share,upside_pct,predicted_ev
MMM,3M Company,153.11,142.03988466983168,-7.2,8.139235e+10
AOS,A. O. Smith Corporation,57.56,70.39326878158367,22.3,8.334615e+09
ABT,Abbott Laboratories,91.67,91.1996681177894,-0.5,1.8569378e+11
ABBV,AbbVie Inc.,229.4,225.01803239102023,-1.9,4.6108125e+11
ADBE,Adobe Inc.,252.12,258.0740648787729,2.4,1.0408454e+11
AMD,"Advanced Micro Devices, Inc.",471.224,522.728551684322,10.9,8.438855e+11
AES,The AES Corporation,14.71,25.929870353936703,76.3,4.8645087e+10
A,,136.18,137.9969346810147,1.3,4.0709743e+10
APD,"Air Products and Chemicals, Inc.",283.87,294.9857894366286,3.9,8.317564e+10
ABNB,"Airbnb, Inc.",133.05,246.74737816347448,85.5,9.365219e+10
AKAM,"Akamai Technologies, Inc.",149.23,158.62529716264388,6.3,2.799907e+10
ALB,Albemarle Corporation,156.19,186.52825378692137,19.4,2.2914327e+10
ALGN,"Align Technology, Inc.",167.635,168.6926828455036,0.6,1.1137664e+10
ALLE,Allegion plc,130.07,128.48514284391706,-1.2,1.2956981e+10
LNT,Alliant Energy Corporation,73.08,71.40461782516113,-2.3,3.0167173e+10
MO,"Altria Group, Inc.",72.8,81.95826541720845,12.6,1.5793239e+11
AMZN,"Amazon.com, Inc.",249.67,253.35810887626633,1.5,2.817852e+12
AMCR,Amcor plc,37.99,36.11742630065395,-4.9,3.1874736e+10
AEE,Ameren Corporation,109.95,108.73209675494722,-1.1,5.1382784e+10
AEP,"American Electric Power Company, Inc.",129.915,130.5677287101436,0.5,1.2233456e+11
AMT,American Tower Corporation,194.605,206.12854261628863,5.9,1.3955626e+11
AWK,"American Water Works Company, Inc.",126.065,123.09560374431815,-2.4,3.9564173e+10
AME,"AMETEK, Inc.",227.245,202.92738357763744,-10.7,4.848595e+10
AMGN,Amgen Inc.,354.35,345.62460545861484,-2.5,2.3182146e+11
APH,Amphenol Corporation,139.895,140.1063025511369,0.2,1.865294e+11
ADI,"Analog Devices, Inc.",409.72,391.3983062082703,-4.5,1.9591447e+11
AON,Aon plc,329.625,324.564841686169,-1.5,8.355057e+10
APA,APA Corporation,36.935,41.02229176999397,11.1,1.8743159e+10
AAPL,Apple Inc.,312.4,309.45144135568034,-0.9,4.5612275e+12
AMAT,"Applied Materials, Inc.",464.18,496.6982342057452,7.0,3.9338525e+11
APP,AppLovin Corporation,554.395,559.8031719283556,1.0,1.7224091e+11
APTV,Aptiv PLC,69.2,74.51145727465276,7.7,2.2481154e+10
ADM,Archer-Daniels-Midland Company,81.85,84.09696081987079,2.7,5.056408e+10
ARES,Ares Management Corporation,125.38,109.44992682716057,-12.7,3.7010694e+10
ANET,"Arista Networks, Inc.",153.83,166.226239706431,8.1,1.969538e+11
AJG,Arthur J. Gallagher & Co.,215.7,209.95882812463512,-2.7,6.590624e+10
T,AT&T Inc.,22.905,25.3004529178232,10.5,3.235831e+11
ATO,Atmos Energy Corporation,171.57,168.60758348999437,-1.7,3.7647487e+10
ADSK,"Autodesk, Inc.",232.215,233.65306643813648,0.6,4.9134735e+10
ADP,"Automatic Data Processing, Inc.",234.11,209.638942101043,-10.5,8.496947e+10
AVB,"AvalonBay Communities, Inc.",190.56,185.09229894997867,-2.9,3.565956e+10
AVY,Avery Dennison Corporation,154.78,153.50810494678515,-0.8,1.5230294e+10
AXON,"Axon Enterprise, Inc.",485.2,729.4779197315225,50.3,5.990082e+10
BKR,Baker Hughes Company,63.55,66.685709689316,4.9,6.6386805e+10
BALL,Ball Corporation,53.015,52.65109052264726,-0.7,2.146317e+10
BAX,Baxter International Inc.,19.47,19.34263024742813,-0.7,1.765987e+10
BDX,"Becton, Dickinson and Company",152.62,138.4993456223395,-9.3,5.462517e+10
BBY,"Best Buy Co., Inc.",71.01,71.16376808360602,0.2,1.7370864e+10
TECH,Bio-Techne Corporation,51.65,53.581099181151416,3.7,8.465334e+09
BIIB,Biogen Inc.,198.2,196.67109115927806,-0.8,3.1315153e+10
BLK,"BlackRock, Inc.",996.93,1061.1810762654563,6.4,1.6655137e+11
XYZ,"Block, Inc.",68.01,78.63817657489327,15.6,4.289918e+10
BA,The Boeing Company,215.622,217.00208431325822,0.6,2.0049925e+11
BKNG,Booking Holdings Inc.,166.19,166.9453373303061,0.5,1.3251434e+11
BSX,Boston Scientific Corporation,49.01,48.832646668498604,-0.4,8.215866e+10
BMY,Bristol-Myers Squibb Company,57.545,83.5003199866317,45.1,2.064566e+11
AVGO,Broadcom Inc.,391.005,299.0837926157826,-23.5,1.4613415e+12
BR,"Broadridge Financial Solutions, Inc.",152.875,127.77880774087483,-16.4,1.788038e+10
BRO,"Brown & Brown, Inc.",59.18,57.99962426667294,-2.0,2.6774847e+10
BLDR,"Builders FirstSource, Inc.",73.785,74.92161006210159,1.5,1.3252136e+10
BG,Bunge Global SA,126.63,136.06209849013325,7.4,4.0988512e+10
BXP,"BXP, Inc.",62.05,77.31420005485292,24.6,2.8179458e+10
CHRW,"C.H. Robinson Worldwide, Inc.",184.75,184.47574535320808,-0.1,2.3229538e+10
CDNS,"Cadence Design Systems, Inc.",385.075,410.10754485599097,6.5,1.1465142e+11
CPT,Camden Property Trust,113.12,118.65601712598439,4.9,1.599208e+10
CPB,The Campbell's Company,21.66,21.619697442151324,-0.2,1.3297837e+10
CAH,"Cardinal Health, Inc.",206.78,203.5040231082182,-1.6,5.2640834e+10
CCL,Carnival Corporation Ltd.,27.29,31.069634896882487,13.8,6.3678284e+10
CARR,Carrier Global Corporation,66.85,69.24642949837502,3.6,6.871673e+10
CASY,"Casey's General Stores, Inc.",766.09,762.3329179364285,-0.5,3.0605787e+10
CAT,Caterpillar Inc.,910.11,804.025485054958,-11.7,4.100777e+11
CBOE,"Cboe Global Markets, Inc.",284.34,288.89297594819885,1.6,2.9682143e+10
CBRE,"CBRE Group, Inc.",131.82,114.09678242296519,-13.4,4.232643e+10
CDW,CDW Corporation,133.7636,127.92849977884354,-4.4,2.1911007e+10
COR,"Cencora, Inc.",276.98,271.14739905302736,-2.1,6.567034e+10
CNC,Centene Corporation,62.43,115.4383427359826,84.9,4.963311e+10
CNP,"CenterPoint Energy, Inc.",42.895,46.63702598904492,8.7,5.399752e+10
CF,"CF Industries Holdings, Inc.",114.765,134.98059709635808,17.6,2.2314971e+10
CRL,"Charles River Laboratories International, Inc.",183.825,209.27551786227002,13.8,1.2953029e+10
CHTR,"Charter Communications, Inc.",130.06,239.14315043546083,83.9,1.3006684e+11
CVX,Chevron Corporation,188.39,189.70218464980658,0.7,4.1791144e+11
CMG,"Chipotle Mexican Grill, Inc.",29.67,28.4900530772553,-4.0,4.0919618e+10
CHD,"Church & Dwight Co., Inc.",97.63,84.43879103348822,-13.5,2.1881231e+10
CIEN,Ciena Corporation,500.37,536.1671842485976,7.2,7.629264e+10
CI,The Cigna Group,289.49,279.999921733596,-3.3,9.711705e+10
CTAS,Cintas Corporation,182.42,180.4782211015435,-1.1,7.4950975e+10
CSCO,"Cisco Systems, Inc.",122.67,130.15661089183627,6.1,5.2936478e+11
CLX,The Clorox Company,94.07,90.9182437434064,-3.4,1.4287957e+10
CME,CME Group Inc.,257.34,256.8065546112494,-0.2,9.4016045e+10
CMS,CMS Energy Corporation,72.39,71.8500093367335,-0.7,4.1101877e+10
KO,The Coca-Cola Company,80.16,78.06360108825899,-2.6,3.6669427e+11
CTSH,Cognizant Technology Solutions Corporation,53.21,53.36478146300212,0.3,2.4816542e+10
COHR,Coherent Corp.,385.1601,422.3418441326527,9.7,8.362806e+10
COIN,"Coinbase Global, Inc.",148.395,201.12765873278576,35.5,4.226262e+10
CL,Colgate-Palmolive Company,89.17,94.19558275278634,5.6,8.19283e+10
CMCSA,Comcast Corporation,23.745,23.481951574466713,-1.1,1.6880512e+11
FIX,"Comfort Systems USA, Inc.",1847.68,1973.9826027008269,6.8,6.968592e+10
CAG,"Conagra Brands, Inc.",13.08,12.684400456556514,-3.0,1.3345989e+10
COP,ConocoPhillips,118.0001,120.13064705160288,1.8,1.6331845e+11
ED,"Consolidated Edison, Inc.",107.22,105.42805094096825,-1.7,6.588337e+10
STZ,"Constellation Brands, Inc.",141.43,137.679812177254,-2.7,3.4804883e+10
CEG,Constellation Energy Corporation,256.75,268.19506785367724,4.5,1.17375e+11
CPRT,"Copart, Inc.",30.845,30.884027320801795,0.1,2.4486191e+10
GLW,Corning Incorporated,177.64,197.14602356455808,11.0,1.7784032e+11
CPAY,"Corpay, Inc.",349.9301,417.82309506549217,19.4,3.5239748e+10
CTVA,"Corteva, Inc.",76.835,77.50914491791514,0.9,5.3229666e+10
CSGP,"CoStar Group, Inc.",34.13,33.72762232065247,-1.2,1.3712867e+10
COST,Costco Wholesale Corporation,984.5068,969.9844615978535,-1.5,4.2926955e+11
CRH,CRH plc,104.95,109.3453090173799,4.2,9.025256e+10
CRWD,"CrowdStrike Holdings, Inc.",681.55,717.504251153007,5.3,1.7891988e+11
CCI,Crown Castle Inc.,93.9157,93.58986883100036,-0.3,7.067148e+10
CSX,CSX Corporation,47.1,45.96086293779113,-2.4,1.03721665e+11
CMI,Cummins Inc.,656.965,674.4053571722461,2.7,9.8118566e+10
CVS,CVS Health Corporation,96.115,124.64330178647081,29.7,2.255788e+11
DHR,Danaher Corporation,185.07,187.9512711001498,1.6,1.4700939e+11
DRI,"Darden Restaurants, Inc.",198.13,195.00398563747365,-1.6,3.0251182e+10
DDOG,"Datadog, Inc.",232.19,344.23737694120217,48.3,1.1040904e+11
DVA,DaVita Inc.,192.635,220.49963923034977,14.5,2.6707065e+10
DECK,Deckers Outdoor Corporation,107.715,109.2715235249999,1.4,1.3643679e+10
DE,Deere & Company,589.3,596.6731216169821,1.3,2.007074e+11
DELL,Dell Technologies Inc.,391.11,841.5421571345596,115.2,2.9311297e+11
DAL,"Delta Air Lines, Inc.",79.195,79.27205860555816,0.1,6.8427293e+10
DVN,Devon Energy Corporation,44.8,24.65842243998741,-45.0,3.53801e+10
DXCM,"DexCom, Inc.",73.4751,72.6005170971068,-1.2,2.6984178e+10
FANG,"Diamondback Energy, Inc.",197.08,239.2505092569442,21.4,8.102835e+10
DG,Dollar General Corporation,103.86,103.0001795892931,-0.8,3.7165752e+10
DLTR,"Dollar Tree, Inc.",109.42,137.83663342626758,26.0,3.3074698e+10
D,"Dominion Energy, Inc.",67.475,72.0642223061384,6.8,1.15243385e+11
DPZ,"Domino's Pizza, Inc.",314.74,306.8277169022668,-2.5,1.5108515e+10
DASH,"DoorDash, Inc.",156.31,169.92148066762158,8.7,6.7648926e+10
DOV,Dover Corporation,214.83,210.70394380382788,-1.9,3.0021888e+10
DOW,Dow Inc.,34.055,36.89926854462335,8.4,4.189983e+10
DHI,"D.R. Horton, Inc.",146.57,148.13177837293966,1.1,4.6732653e+10
DTE,DTE Energy Company,146.375,143.03576132927637,-2.3,5.648949e+10
DUK,Duke Energy Corporation,124.914,125.87390065285553,0.8,1.8719982e+11
DD,"DuPont de Nemours, Inc.",47.06,48.975250583865474,4.1,2.2344827e+10
ETN,Eaton Corporation plc,397.485,416.39312696368785,4.8,1.8276745e+11
EBAY,eBay Inc.,109.85,108.9063432072072,-0.9,5.1700417e+10
SATS,EchoStar Corporation,114.01,228.14398786558698,100.1,6.3878762e+10
ECL,Ecolab Inc.,259.5653,258.63150283362023,-0.4,8.15353e+10
EIX,Edison International,73.655,60.177974746229175,-18.3,6.568512e+10
EW,Edwards Lifesciences Corporation,85.68,82.06161628343175,-4.2,4.428248e+10
EA,Electronic Arts Inc.,203.34,204.0009317910956,0.3,5.0027536e+10
EME,"EMCOR Group, Inc.",820.145,844.0170250960176,2.9,3.710845e+10
EMR,Emerson Electric Co.,138.2,142.5287710623103,3.1,9.2096365e+10
ETR,Entergy Corporation,111.46,114.00506951884556,2.3,8.268781e+10
EOG,"EOG Resources, Inc.",139.24,140.527426272115,0.9,7.930592e+10
EQT,EQT Corporation,54.19,60.99898192422435,12.6,4.3819364e+10
EFX,Equifax Inc.,171.325,203.60010527711756,18.8,2.9367855e+10
EQIX,"Equinix, Inc.",1088.025,1088.0968576409323,0.0,1.2928673e+11
EQR,Equity Residential,68.69,68.98905013337385,0.4,3.4459677e+10
ESS,"Essex Property Trust, Inc.",287.725,289.15476451703245,0.5,2.539691e+10
EL,The Estée Lauder Companies Inc.,83.29,124.85766980985873,49.9,3.704975e+10
EVRG,"Evergy, Inc.",83.63,81.14708027453112,-3.0,3.456336e+10
ES,Eversource Energy,71.4,70.57188060971863,-1.2,5.6610185e+10
EXC,Exelon Corporation,45.96,53.005358043759585,15.3,1.04763515e+11
EXE,Expand Energy Corporation,93.04,93.51413165056861,0.5,2.5210278e+10
EXPE,"Expedia Group, Inc.",227.93,248.8986602939555,9.2,2.7414555e+10
EXPD,"Expeditors International of Washington, Inc.",160.77,160.11292826708674,-0.4,2.0189835e+10
EXR,Extra Space Storage Inc.,146.625,150.83706167050212,2.9,4.5665677e+10
XOM,Exxon Mobil Corporation,150.78,153.93936612791978,2.1,6.7729654e+11
FFIV,"F5, Inc.",397.51,407.3902907637176,2.5,2.1801703e+10
FDS,FactSet Research Systems Inc.,256.58,255.88816420639415,-0.3,1.0590684e+10
FICO,Fair Isaac Corporation,1149.3582,1170.7817455687157,1.9,3.0588688e+10
FAST,Fastenal Company,47.17,47.102997248966425,-0.1,5.4212792e+10
FRT,Federal Realty Investment Trust,123.465,124.15020734594859,0.6,1.5538506e+10
FDX,FedEx Corporation,333.28,328.86272977115533,-1.3,1.1227187e+11
FIS,"Fidelity National Information Services, Inc.",41.2,41.40425571934125,0.5,4.1791996e+10
FSLR,"First Solar, Inc.",279.25,314.2642952180101,12.5,3.1929317e+10
FE,FirstEnergy Corp.,46.71,47.845685855365595,2.4,5.5683437e+10
F,Ford Motor Company,14.735,15.557608573954186,5.6,1.98622e+11
FTNT,"Fortinet, Inc.",144.93,150.14965660383194,3.6,1.07279204e+11
FTV,Fortive Corporation,61.24,60.29051513279554,-1.6,2.1606228e+10
FOXA,Fox Corporation,66.369,138.51859157172296,108.7,3.1604855e+10
BEN,"Franklin Resources, Inc.",31.51,36.797863844849495,16.8,1.9980438e+10
FCX,Freeport-McMoRan Inc.,63.2,67.92655373972896,7.5,1.0431249e+11
GRMN,Garmin Ltd.,238.38,192.54898120312498,-19.2,3.464943e+10
IT,"Gartner, Inc.",163.095,202.67861634195265,24.3,1.5257945e+10
GE,GE Aerospace,327.93,328.8540794616613,0.3,3.538457e+11
GEHC,GE HealthCare Technologies Inc.,64.28,64.4089796248816,0.2,3.7615116e+10
GEV,GE Vernova Inc.,930.37,966.2394397112132,3.9,2.5363086e+11
GEN,Gen Digital Inc.,26.6,36.220421198308024,36.2,2.9678408e+10
GNRC,Generac Holdings Inc.,258.275,279.4133664384293,8.2,1.7576632e+10
GD,General Dynamics Corporation,347.04,340.60992565153236,-1.9,9.8289205e+10
GIS,"General Mills, Inc.",33.375,39.943695976199784,19.7,2.09182e+10
GM,General Motors Company,81.95,86.2963435912595,5.3,1.821664e+11
GPC,Genuine Parts Company,97.92,99.30784994784179,1.4,1.988099e+10
GILD,"Gilead Sciences, Inc.",130.95,128.78831417908583,-1.7,1.7225669e+11
GPN,Global Payments Inc.,66.16,71.26605538474726,7.7,3.7220303e+10
GDDY,GoDaddy Inc.,84.475,84.91400854801985,0.5,1.3779751e+10
HAL,Halliburton Company,39.495,41.294677362274626,4.6,4.057548e+10
HAS,"Hasbro, Inc.",84.71,85.02625877326263,0.4,1.4548324e+10
HCA,"HCA Healthcare, Inc.",371.465,618.6253724354241,66.5,1.8601673e+11
HSIC,"Henry Schein, Inc.",77.49,90.02225595309038,16.2,1.3866043e+10
HSY,The Hershey Company,186.95,274.8714985613762,47.0,4.5548335e+10
HPE,Hewlett Packard Enterprise Company,49.13,53.00775417587792,7.9,8.6205055e+10
HLT,Hilton Worldwide Holdings Inc.,342.58,338.3708308179775,-1.2,8.952357e+10
HD,"The Home Depot, Inc.",310.8,309.0694962337417,-0.6,3.7030835e+11
HON,Honeywell International Inc.,214.825,176.64734641036304,-17.8,1.3729414e+11
HRL,Hormel Foods Corporation,23.685,23.266966202894004,-1.8,1.2479897e+10
HST,"Host Hotels & Resorts, Inc.",24.705,24.723302207765283,0.1,2.0874478e+10
HWM,Howmet Aerospace Inc.,252.065,250.72989483678313,-0.5,1.0273191e+11
HPQ,HP Inc.,25.345,26.29921480898413,3.8,3.1212229e+10
HUBB,Hubbell Incorporated,477.46,485.8094821451595,1.7,2.7892836e+10
HII,"Huntington Ingalls Industries, Inc.",294.22,294.6735518847578,0.2,1.4326325e+10
IBM,International Business Machines Corporation,283.7,299.7406440241303,5.7,3.3974082e+11
IEX,IDEX Corporation,216.285,216.1599021777354,-0.1,1.7312186e+10
IDXX,"IDEXX Laboratories, Inc.",562.92,566.8528952063016,0.7,4.561998e+10
ITW,Illinois Tool Works Inc.,253.45,254.96072075078206,0.6,8.16732e+10
INCY,Incyte Corporation,104.4925,101.51539943094517,-2.8,1.630457e+10
IR,Ingersoll Rand Inc.,72.0,71.35028823788154,-0.9,3.1581596e+10
PODD,Insulet Corporation,153.04,146.44972390976676,-4.3,1.0677392e+10
INTC,Intel Corporation,101.67,114.35902828491842,12.5,5.870105e+11
ICE,"Intercontinental Exchange, Inc.",140.8602,143.30629349577856,1.7,1.011635e+11
IFF,International Flavors & Fragrances Inc.,73.175,73.59865635670377,0.6,2.4695992e+10
IP,International Paper Company,33.68,34.181030381851365,1.5,2.6622435e+10
INTU,Intuit Inc.,296.4,302.00874523007855,1.9,8.2730566e+10
ISRG,"Intuitive Surgical, Inc.",424.77,418.80496560957687,-1.4,1.4380786e+11
IVZ,Invesco Ltd.,27.43,35.99502118478776,31.2,1.7116272e+10
INVH,Invitation Homes Inc.,30.11,29.607900516710306,-1.7,2.630901e+10
IQV,IQVIA Holdings Inc.,183.6,149.338227345716,-18.7,3.903855e+10
IRM,Iron Mountain Incorporated,126.0,130.74491443619092,3.8,5.8365755e+10
JBHT,"J.B. Hunt Transport Services, Inc.",288.175,283.6379371732336,-1.6,2.8310206e+10
JBL,Jabil Inc.,355.205,372.7142487131742,4.9,4.192933e+10
JKHY,"Jack Henry & Associates, Inc.",130.265,130.54261338158426,0.2,9.391169e+09
J,Jacobs Solutions Inc.,123.5048,93.28032674960016,-24.5,1.4200797e+10
JCI,Johnson Controls International plc,143.7,146.89900388598977,2.2,9.8450375e+10
KVUE,Kenvue Inc.,17.7294,16.97779095234793,-4.2,4.0324506e+10
KDP,Keurig Dr Pepper Inc.,30.8466,36.0378033456797,16.8,7.7024575e+10
KEYS,"Keysight Technologies, Inc.",331.78,347.6183106803185,4.8,5.9698827e+10
KMB,Kimberly-Clark Corporation,99.26,94.54961790018199,-4.7,3.7948834e+10
KIM,Kimco Realty Corporation,24.29,24.267016236212545,-0.1,2.450544e+10
KMI,"Kinder Morgan, Inc.",31.855,32.203461880363335,1.1,1.0377609e+11
KLAC,KLA Corporation,1978.0,2130.1035977556367,7.7,2.7943757e+11
KHC,The Kraft Heinz Company,22.575,22.4342520718037,-0.6,4.3644035e+10
KR,The Kroger Co.,63.96,80.83714699826697,26.4,7.119901e+10
LH,Labcorp Holdings Inc.,266.1,261.8906224390244,-1.6,2.778833e+10
LRCX,Lam Research Corporation,309.935,337.7464709224826,9.0,4.213595e+11
LVS,Las Vegas Sands Corp.,50.6,55.635654076685164,10.0,4.931726e+10
LDOS,"Leidos Holdings, Inc.",125.255,124.69875551440896,-0.4,2.2172291e+10
LEN,Lennar Corporation,91.555,106.04596161429484,15.8,1.9356916e+10
LII,Lennox International Inc.,507.355,517.0478372853676,1.9,1.9897948e+10
LLY,Eli Lilly and Company,1143.515,1123.8508376990178,-1.7,1.0402723e+12
LIN,Linde plc,510.32,511.27108759862796,0.2,2.5874281e+11
LYV,"Live Nation Entertainment, Inc.",160.36,167.67861903461528,4.6,4.0526516e+10
LMT,Lockheed Martin Corporation,523.54,518.461702073989,-1.0,1.383414e+11
LOW,"Lowe's Companies, Inc.",211.12,208.16744741395178,-1.4,1.5849095e+11
LITE,Lumentum Holdings Inc.,875.185,869.6667475578406,-0.6,6.7801473e+10
LYB,LyondellBasell Industries N.V.,64.67,65.8551832245197,1.8,3.295405e+10
MPC,Marathon Petroleum Corporation,265.9,290.4348267767079,9.2,1.16963566e+11
MAR,"Marriott International, Inc.",392.05,378.979673886044,-3.3,1.1688463e+11
MRSH,"Marsh & McLennan Companies, Inc.",165.945,162.21201714379882,-2.2,9.899286e+10
MLM,"Martin Marietta Materials, Inc.",577.865,584.0588472485216,1.1,4.048534e+10
MAS,Masco Corporation,69.78,71.1993054909113,2.0,1.7277352e+10
MA,Mastercard Incorporated,492.095,485.13746336796146,-1.4,4.3622413e+11
MKC,"McCormick & Company, Incorporated",47.695,51.15987652012859,7.3,1.7739643e+10
MCD,McDonald's Corporation,280.075,272.3709073650299,-2.8,2.4724613e+11
MCK,McKesson Corporation,779.12,766.5041563699046,-1.6,9.6947905e+10
MRK,"Merck & Co., Inc.",121.98,120.38207570152309,-1.3,3.407376e+11
META,"Meta Platforms, Inc.",583.28,726.9855633689149,24.6,1.6020824e+12
MTD,Mettler-Toledo International Inc.,1155.26,1170.3104890085667,1.3,2.5817231e+10
MGM,MGM Resorts International,47.45,51.70792115973175,9.0,4.241816e+10
MCHP,Microchip Technology Incorporated,90.035,96.23141730812618,6.9,5.7566958e+10
MU,"Micron Technology, Inc.",888.56,996.1462985105874,12.1,1.1195971e+12
MSFT,Microsoft Corporation,418.7051,427.8303921164816,2.2,3.2253141e+12
MAA,"Mid-America Apartment Communities, Inc.",138.455,137.2103256574686,-0.9,2.1578019e+10
TAP,Molson Coors Beverage Company,39.221,69.26690328853881,76.6,1.815243e+10
MDLZ,"Mondelez International, Inc.",62.82,61.5448061897594,-2.0,9.9099976e+10
MPWR,"Monolithic Power Systems, Inc.",1519.76,1653.0637169957256,8.8,7.986788e+10
MNST,Monster Beverage Corporation,90.12,88.1159156440942,-2.2,8.328756e+10
MCO,Moody's Corporation,453.99,450.7173705477095,-0.7,8.4622705e+10
MOS,The Mosaic Company,22.06,45.75921361623689,107.4,2.0025113e+10
MSI,"Motorola Solutions, Inc.",412.24,409.88795877711976,-0.6,7.674259e+10
MSCI,MSCI Inc.,617.5015,621.7940613240708,0.7,5.1412685e+10
NDAQ,"Nasdaq, Inc.",87.16,88.1044157666588,1.1,5.881264e+10
NTAP,"NetApp, Inc.",168.23,221.4396367513571,31.6,4.2599772e+10
NFLX,"Netflix, Inc.",81.5103,81.75183314968614,0.3,3.4869425e+11
NEM,Newmont Corporation,101.3,125.91954442825086,24.3,1.3117876e+11
NWSA,News Corporation,27.165,42.69652640126112,57.2,1.6264565e+10
NWS,News Corporation,31.16,95.85564355193789,207.6,1.8182613e+10
NEE,"NextEra Energy, Inc.",85.96,76.4330862790198,-11.1,2.6181426e+11
NKE,"NIKE, Inc.",42.965,32.371047171974084,-24.7,4.195005e+10
NI,NiSource Inc.,46.81,51.11005085117719,9.2,4.1239065e+10
NDSN,Nordson Corporation,283.78,284.913947943668,0.4,1.774543e+10
NSC,Norfolk Southern Corporation,315.25,310.53514651978617,-1.5,8.603833e+10
NOC,Northrop Grumman Corporation,545.435,546.723353021368,0.2,9.313702e+10
NRG,"NRG Energy, Inc.",129.215,135.98690350144253,5.2,5.1871396e+10
NUE,Nucor Corporation,255.41,269.6799381578061,5.6,6.6060165e+10
NVDA,NVIDIA Corporation,206.27,218.16045070310886,5.8,5.2437063e+12
NVR,"NVR, Inc.",6230.72,6182.9680138347385,-0.8,1.6134701e+10
NXPI,NXP Semiconductors N.V.,300.5,319.945580079689,6.5,8.879301e+10
ORLY,"O'Reilly Automotive, Inc.",90.07,88.85963258790902,-1.3,8.211791e+10
OXY,Occidental Petroleum Corporation,57.425,68.0057479715862,18.4,8.044088e+10
ODFL,"Old Dominion Freight Line, Inc.",244.01,245.02122666464481,0.4,5.0708558e+10
OMC,Omnicom Group Inc.,75.52,78.94800007786498,4.5,2.972917e+10
ON,ON Semiconductor Corporation,120.2,132.97017320004454,10.6,5.2541428e+10
OKE,"ONEOK, Inc.",88.8,88.67425507519408,-0.1,8.9347695e+10
ORCL,Oracle Corporation,212.28,314.7493213891572,48.3,1.0282665e+12
OTIS,Otis Worldwide Corporation,70.51,69.77268390496103,-1.0,3.41569e+10
PCAR,PACCAR Inc,117.42,117.64556829397867,0.2,6.8367143e+10
PKG,Packaging Corporation of America,223.17,224.23451184393406,0.5,2.3802192e+10
PLTR,Palantir Technologies Inc.,135.16,147.35807952907442,9.0,3.3053023e+11
PANW,"Palo Alto Networks, Inc.",273.3,279.25897753128834,2.2,2.2661507e+11
PSKY,Paramount Skydance Corporation,9.905,11.973450015979113,20.9,2.7677198e+10
PH,Parker-Hannifin Corporation,887.32,875.9204114252174,-1.3,1.1954764e+11
PYPL,"PayPal Holdings, Inc.",41.46,42.97149365104339,3.6,4.023339e+10
PNR,Pentair plc,73.27,73.26798142397853,-0.0,1.3854412e+10
PEP,"PepsiCo, Inc.",143.68,143.904649741606,0.2,2.3858432e+11
PFE,Pfizer Inc.,26.13,25.667901373910276,-1.8,1.9794277e+11
PCG,PG&E Corporation,17.225,17.712797172805153,2.8,1.0081756e+11
PM,Philip Morris International Inc.,179.85,177.39924125777924,-1.4,3.2299916e+11
PSX,Phillips 66,184.61,186.50694269610074,1.0,9.6751165e+10
PNW,Pinnacle West Capital Corporation,103.665,102.11998567571091,-1.5,2.7512508e+10
POOL,Pool Corporation,187.71,183.6101844845223,-2.2,8.2101745e+09
PPG,"PPG Industries, Inc.",113.72,111.94308967249887,-1.6,3.1065115e+10
PPL,PPL Corporation,35.815,35.27156537209189,-1.5,4.5588574e+10
PG,The Procter & Gamble Company,147.77,140.278671162416,-5.1,3.5137277e+11
PLD,"Prologis, Inc.",145.5,148.38381074674635,2.0,1.7278285e+11
PEG,Public Service Enterprise Group Incorporated,79.61,91.77506213550106,15.3,6.972848e+10
PTC,PTC Inc.,137.46,138.27556694538373,0.6,1.6913569e+10
PSA,Public Storage,312.16,332.9865177252826,6.7,6.8352025e+10
PHM,"PulteGroup, Inc.",118.74,118.35674262712143,-0.3,2.3190714e+10
PWR,"Quanta Services, Inc.",694.585,720.8822942059054,3.8,1.1413062e+11
QCOM,QUALCOMM Incorporated,219.4299,243.90024015180265,11.2,2.6254185e+11
DGX,Quest Diagnostics Incorporated,201.365,198.25598269299184,-1.5,2.796123e+10
RL,Ralph Lauren Corporation,366.555,577.9532386149408,57.7,2.269571e+10
RTX,RTX Corporation,181.87,179.86108548742013,-1.1,2.7433294e+11
O,Realty Income Corporation,61.335,62.23712969368237,1.5,8.793447e+10
REG,Regency Centers Corporation,78.05,79.23417047344195,1.5,1.960542e+10
REGN,"Regeneron Pharmaceuticals, Inc.",636.75,621.2641323999834,-2.4,5.7956303e+10
RSG,"Republic Services, Inc.",211.425,208.15478850477598,-1.5,7.801075e+10
RMD,ResMed Inc.,195.84,192.3490235631408,-1.8,2.708411e+10
RVTY,"Revvity, Inc.",98.17,102.71933242460075,4.6,1.3949204e+10
ROK,"Rockwell Automation, Inc.",448.375,464.08999583217826,3.5,5.527213e+10
ROL,"Rollins, Inc.",47.78,46.49185945316085,-2.7,2.3334738e+10
ROP,"Roper Technologies, Inc.",333.705,331.6843476254665,-0.6,4.355381e+10
ROST,"Ross Stores, Inc.",231.466,235.6941853016292,1.8,7.6198404e+10
RCL,Royal Caribbean Cruises Ltd.,283.49,293.60163855118867,3.6,1.00022485e+11
SPGI,S&P Global Inc.,426.765,437.565436972973,2.5,1.4160937e+11
CRM,"Salesforce, Inc.",186.355,190.13110622710622,2.0,1.8642838e+11
SBAC,SBA Communications Corporation,208.715,207.5693016350836,-0.5,3.7167813e+10
SLB,SLB N.V.,55.035,59.153252417600235,7.5,9.661452e+10
STX,Seagate Technology Holdings plc,856.29,914.3742991557259,6.8,2.0991112e+11
SRE,Sempra,91.925,106.4039495684779,15.8,1.051942e+11
NOW,"ServiceNow, Inc.",112.795,118.42444951071843,5.0,1.1938108e+11
SHW,The Sherwin-Williams Company,304.495,296.34247649896446,-2.7,8.747311e+10
SPG,"Simon Property Group, Inc.",210.34,210.62406228812418,0.1,9.674767e+10
SWKS,"Skyworks Solutions, Inc.",74.38,80.16149753317958,7.8,1.1824567e+10
SJM,The J. M. Smucker Company,104.29,101.3776747104659,-2.8,1.8257258e+10
SW,Smurfit Westrock Plc,41.4703,42.11177335199685,1.5,3.566711e+10
SNA,Snap-on Incorporated,381.245,377.8287453305781,-0.9,1.9119653e+10
SOLV,Solventum Corporation,81.1,62.90254313805355,-22.4,1.562213e+10
SO,The Southern Company,93.31,119.17358692397903,27.7,2.0936851e+11
LUV,Southwest Airlines Co.,41.45,41.43423613290758,-0.0,2.3319966e+10
SWK,"Stanley Black & Decker, Inc.",78.73,79.04333346344553,0.4,1.8920526e+10
SBUX,Starbucks Corporation,95.7,93.86475042906028,-1.9,1.2968586e+11
STLD,"Steel Dynamics, Inc.",268.12,275.19336433849094,2.6,4.3330666e+10
STE,STERIS plc,213.18,213.44007640789064,0.1,2.2479782e+10
SYK,Stryker Corporation,307.505,297.99743304976005,-3.1,1.2650952e+11
SMCI,"Super Micro Computer, Inc.",41.505,46.90413727591431,13.0,3.605514e+10
SNPS,"Synopsys, Inc.",466.59,495.0015748384323,6.1,1.0314009e+11
SYY,Sysco Corporation,76.0,74.26367747778899,-2.3,4.90096e+10
TMUS,"T-Mobile US, Inc.",179.93,142.47967762276903,-20.8,2.7280618e+11
TROW,"T. Rowe Price Group, Inc.",105.93,112.06415737970853,5.8,2.0741407e+10
TTWO,"Take-Two Interactive Software, Inc.",214.16,215.8146280896964,0.8,4.103858e+10
TPR,"Tapestry, Inc.",140.09,141.31530524475883,0.9,3.140661e+10
TRGP,Targa Resources Corp.,266.12,268.0424683108749,0.7,7.656538e+10
TGT,Target Corporation,122.8401,133.81247256110993,8.9,7.6514435e+10
TEL,TE Connectivity plc,213.87,223.01223567797905,4.3,6.9847335e+10
TDY,Teledyne Technologies Incorporated,605.7799,617.4333583327192,1.9,3.0560055e+10
TER,"Teradyne, Inc.",362.61,407.10049863754915,12.3,6.3565193e+10
TSLA,"Tesla, Inc.",392.07,420.13744285515395,7.2,1.5490672e+12
TXN,Texas Instruments Incorporated,288.24,306.96291776252514,6.5,2.8831174e+11
TPL,Texas Pacific Land Corporation,394.64,406.11739924661066,2.9,2.7782132e+10
TXT,Textron Inc.,91.545,102.54479211652865,12.0,2.053741e+10
TMO,Thermo Fisher Scientific Inc.,474.0575,388.9637602930175,-18.0,1.8445228e+11
TJX,"The TJX Companies, Inc.",161.425,157.9547643388411,-2.1,1.8309333e+11
TKO,"TKO Group Holdings, Inc.",203.995,477.6040382099095,134.1,3.9980868e+10
TTD,"The Trade Desk, Inc.",20.015,24.46204536727906,22.2,9.462947e+09
TSCO,Tractor Supply Company,29.86,29.199936750454214,-2.2,2.1498405e+10
TT,Trane Technologies plc,454.355,461.232762344088,1.5,1.0549983e+11
TDG,TransDigm Group Incorporated,1227.325,1220.7004857171407,-0.5,9.639015e+10
TRMB,Trimble Inc.,54.325,55.60781809327921,2.4,1.4141523e+10
TYL,"Tyler Technologies, Inc.",312.46,315.4560535218837,1.0,1.2679643e+10
TSN,"Tyson Foods, Inc.",59.35,71.53859934487474,20.5,2.7765498e+10
UBER,"Uber Technologies, Inc.",70.45,72.48539535030714,2.9,1.538792e+11
UDR,"UDR, Inc.",39.43,41.474993954815716,5.2,1.9318815e+10
ULTA,"Ulta Beauty, Inc.",468.4,452.11164905620376,-3.5,2.1517111e+10
UNP,Union Pacific Corporation,273.275,245.08198646406072,-10.3,1.7597841e+11
UAL,"United Airlines Holdings, Inc.",105.24,105.22235862982268,-0.0,5.0955993e+10
UPS,"United Parcel Service, Inc.",109.825,121.31590488134793,10.5,1.1343225e+11
URI,"United Rentals, Inc.",1067.205,1087.756137915129,1.9,8.300718e+10
UNH,UnitedHealth Group Incorporated,401.5901,404.4974891460103,0.7,4.1403014e+11
UHS,"Universal Health Services, Inc.",146.215,166.46062425848143,13.8,1.3877077e+10
VLO,Valero Energy Corporation,258.905,267.62003572916376,3.4,8.522316e+10
VEEV,Veeva Systems Inc.,174.22,178.68444126925573,2.6,2.1951416e+10
VLTO,Veralto Corporation,86.565,84.92650892531576,-1.9,2.2298888e+10
VRSN,"VeriSign, Inc.",295.62,380.837082021978,28.8,3.5894374e+10
VRSK,"Verisk Analytics, Inc.",182.54,179.72952784054934,-1.5,2.7648494e+10
VZ,Verizon Communications Inc.,45.97,44.896232616677416,-2.3,3.7998687e+11
VRTX,Vertex Pharmaceuticals Incorporated,452.44,441.83823446132357,-2.3,1.0688074e+11
VRT,Vertiv Holdings Co,296.45,323.90097056246685,9.3,1.2517762e+11
VTRS,Viatris Inc.,16.01,15.81370991920817,-1.2,3.0625698e+10
VST,Vistra Corp.,149.06,165.7248630613855,11.2,7.514752e+10
VMC,Vulcan Materials Company,281.0,281.68273519721436,0.2,4.160081e+10
GWW,"W.W. Grainger, Inc.",1298.46,1301.8551092123357,0.3,6.355064e+10
WAB,Westinghouse Air Brake Technologies Corporation,261.19,263.0453458412769,0.7,5.1028836e+10
WMT,Walmart Inc.,120.435,118.90293890297451,-1.3,1.011055e+12
DIS,The Walt Disney Company,99.26,103.20964968440082,4.0,2.2090074e+11
WBD,"Warner Bros. Discovery, Inc.",26.075,27.49703830070611,5.5,9.810883e+10
WM,"Waste Management, Inc.",221.79,191.02173376245088,-13.9,9.94427e+10
WAT,Waters Corporation,366.365,375.15279682597867,2.4,4.19747e+10
WEC,"WEC Energy Group, Inc.",113.765,111.61154325696116,-1.9,5.8626945e+10
WELL,Welltower Inc.,210.03,202.73681714264384,-3.5,1.5839817e+11
WST,"West Pharmaceutical Services, Inc.",317.465,317.9872343000494,0.2,2.2264633e+10
WDC,Western Digital Corporation,522.31,575.7497837913738,10.2,1.9693766e+11
WY,Weyerhaeuser Company,24.695,18.97648617878004,-23.2,1.8832855e+10
WSM,"Williams-Sonoma, Inc.",206.21,210.41436268598846,2.0,2.5617541e+10
WMB,"The Williams Companies, Inc.",72.485,74.43419368056095,2.7,1.2038489e+11
WTW,Willis Towers Watson Public Limited Company,264.29,232.5788454799709,-12.0,2.70176e+10
WDAY,"Workday, Inc.",145.625,201.99312047761194,38.7,4.0052617e+10
WYNN,"Wynn Resorts, Limited",105.225,96.72051786119977,-8.1,2.0402944e+10
XEL,Xcel Energy Inc.,79.36,77.5269844135921,-2.3,8.587274e+10
XYL,Xylem Inc.,109.81,99.07720329559042,-9.8,2.4803006e+10
YUM,"Yum! Brands, Inc.",151.1,137.38645722907776,-9.1,5.032162e+10
ZBRA,Zebra Technologies Corporation,231.73,245.4594978245513,5.9,1.4427068e+10
ZBH,"Zimmer Biomet Holdings, Inc.",87.24,85.92818446317669,-1.5,2.373238e+10
ZTS,Zoetis Inc.,80.435,79.8324436816521,-0.7,4.0781005e+10
